direction,lot,entry_time,entry_price,sl,tp,exit_time,exit_price,exit_reason,pnl_usd
BUY,0.02,2025-01-01T23:30:00+00:00,2621.833,2619.6501220072632,2623.652064993947,2025-01-01T23:45:00+00:00,2623.652064993947,TP,3.63812998789399
SELL,0.01,2025-01-02T02:15:00+00:00,2635.581,2638.4803197432902,2633.1649002139247,2025-01-02T02:30:00+00:00,2633.1649002139247,TP,2.4160997860753923
BUY,0.02,2025-01-02T07:15:00+00:00,2635.664573988225,2633.588834105974,2639.4009057762773,2025-01-02T07:30:00+00:00,2633.588834105974,SL,-4.151479764502255
SELL,0.01,2025-01-03T07:15:00+00:00,2655.3449001624986,2657.925898537512,2650.699103087474,2025-01-03T08:45:00+00:00,2650.699103087474,TP,4.645797075024348
SELL,0.01,2025-01-06T07:30:00+00:00,2629.897753814273,2632.65021567154,2624.9433224711925,2025-01-06T09:00:00+00:00,2632.65021567154,SL,-2.752461857267008
SELL,0.02,2025-01-07T07:15:00+00:00,2639.6377392679933,2641.990346588062,2635.40304609187,2025-01-07T08:00:00+00:00,2641.990346588062,SL,-4.705214640137456
BUY,0.02,2025-01-08T09:00:00+00:00,2654.6721643326327,2652.4705210063094,2658.635122320015,2025-01-08T09:45:00+00:00,2652.4705210063094,SL,-4.403286652646784
BUY,0.01,2025-01-09T10:30:00+00:00,2667.240650552738,2664.5641450253606,2672.058360502017,2025-01-09T11:15:00+00:00,2672.058360502017,TP,4.817709949279106
SELL,0.02,2025-01-10T07:45:00+00:00,2674.0106602630826,2676.234057632259,2670.008544998565,2025-01-10T08:00:00+00:00,2676.234057632259,SL,-4.446794738352764
SELL,0.01,2025-01-13T07:30:00+00:00,2686.6209035531447,2689.3918680217002,2681.633167509745,2025-01-13T08:00:00+00:00,2689.3918680217002,SL,-2.770964468555576
BUY,0.01,2025-01-14T08:15:00+00:00,2671.119523203758,2668.6142911661773,2675.6289408714033,2025-01-14T09:15:00+00:00,2668.6142911661773,SL,-2.505232037580754
BUY,0.02,2025-01-15T07:30:00+00:00,2683.5293930565176,2681.4954624913426,2687.190468073833,2025-01-15T07:45:00+00:00,2681.4954624913426,SL,-4.067861130350138
BUY,0.02,2025-01-16T07:15:00+00:00,2698.234716465665,2695.777551809018,2702.6576128476295,2025-01-16T08:15:00+00:00,2702.6576128476295,TP,8.84579276392924
SELL,0.02,2025-01-17T07:30:00+00:00,2710.3547073914624,2712.4676334768383,2706.5514404377855,2025-01-17T08:45:00+00:00,2712.4676334768383,SL,-4.22585217075175
BUY,0.01,2025-01-19T23:15:00+00:00,2692.596,2689.007277015135,2695.5866024873876,2025-01-19T23:30:00+00:00,2695.5866024873876,TP,2.990602487387605
BUY,0.01,2025-01-20T01:00:00+00:00,2690.134,2686.536671424408,2693.1317738129933,2025-01-20T01:15:00+00:00,2693.1317738129933,TP,2.997773812993273
SELL,0.01,2025-01-20T07:15:00+00:00,2706.4120254676445,2708.9117707911983,2701.9124838852476,2025-01-20T10:15:00+00:00,2708.9117707911983,SL,-2.499745323553725
SELL,0.01,2025-01-21T02:00:00+00:00,2720.718,2725.3192916708513,2716.8835902742903,2025-01-21T02:30:00+00:00,2725.3192916708513,SL,-4.601291670851424
SELL,0.01,2025-01-21T02:30:00+00:00,2725.41,2730.0467341447647,2721.5460548793626,2025-01-21T03:00:00+00:00,2721.5460548793626,TP,3.863945120637254
BUY,0.01,2025-01-21T07:30:00+00:00,2729.789256575559,2726.5566908199644,2735.60787493563,2025-01-21T08:00:00+00:00,2726.5566908199644,SL,-3.232565755594806
SELL,0.01,2025-01-22T01:00:00+00:00,2748.725,2751.4655329425505,2746.4412225478745,2025-01-22T02:30:00+00:00,2746.4412225478745,TP,2.2837774521253777
BUY,0.01,2025-01-22T09:15:00+00:00,2758.5512223137985,2755.2089991758126,2764.5672239621726,2025-01-22T12:00:00+00:00,2755.2089991758126,SL,-3.3422231379859113
BUY,0.02,2025-01-23T03:30:00+00:00,2749.968,2747.6820835804238,2751.8729303496466,2025-01-23T04:00:00+00:00,2751.8729303496466,TP,3.809860699293495
SELL,0.02,2025-01-23T09:15:00+00:00,2750.903152330585,2753.311629024735,2746.5678942811146,2025-01-23T09:30:00+00:00,2746.5678942811146,TP,8.670516098940425
SELL,0.01,2025-01-24T02:00:00+00:00,2768.788,2772.094445110239,2766.0326290748008,2025-01-24T02:30:00+00:00,2772.094445110239,SL,-3.3064451102391104
SELL,0.01,2025-01-24T02:30:00+00:00,2772.625,2776.256583794033,2769.5986801716394,2025-01-24T03:00:00+00:00,2776.256583794033,SL,-3.6315837940328493
SELL,0.01,2025-01-24T03:00:00+00:00,2775.177,2778.8654819448548,2772.1032650459547,2025-01-24T03:15:00+00:00,2772.1032650459547,TP,3.073734954045449
SELL,0.01,2025-01-24T08:00:00+00:00,2771.88947073966,2774.5747633430606,2767.055944053538,2025-01-24T08:45:00+00:00,2774.5747633430606,SL,-2.6852926034007396
BUY,0.01,2025-01-27T01:45:00+00:00,2762.936,2759.6499815302177,2765.674348724819,2025-01-27T02:00:00+00:00,2759.6499815302177,SL,-3.286018469782448
BUY,0.01,2025-01-27T02:00:00+00:00,2758.719,2755.134297135202,2761.706252387332,2025-01-27T02:15:00+00:00,2755.134297135202,SL,-3.5847028647981465
BUY,0.01,2025-01-27T02:15:00+00:00,2757.824,2754.0048901969735,2761.0065915025225,2025-01-27T03:15:00+00:00,2761.0065915025225,TP,3.1825915025224276
SELL,0.01,2025-01-27T07:15:00+00:00,2750.553369920207,2753.409670718139,2745.412028483929,2025-01-27T08:00:00+00:00,2753.409670718139,SL,-2.856300797931908
SELL,0.02,2025-01-28T07:45:00+00:00,2738.879340057439,2741.145939483049,2734.7994610913415,2025-01-28T08:30:00+00:00,2734.7994610913415,TP,8.159757932195134
SELL,0.02,2025-01-29T07:15:00+00:00,2758.1139424441494,2759.7945180026577,2755.0889064388343,2025-01-29T08:00:00+00:00,2759.7945180026577,SL,-3.3611511170165613
BUY,0.02,2025-01-30T07:15:00+00:00,2767.244094384007,2765.143150543936,2771.0257932961345,2025-01-30T08:00:00+00:00,2771.0257932961345,TP,7.563397824254935
BUY,0.02,2025-01-31T07:15:00+00:00,2796.1995166942224,2793.8843497519974,2800.3668171902273,2025-01-31T07:30:00+00:00,2800.3668171902273,TP,8.334600992009655
BUY,0.01,2025-02-03T01:00:00+00:00,2785.735,2779.2421421658223,2791.1457148618147,2025-02-03T01:45:00+00:00,2779.2421421658223,SL,-6.492857834177812
BUY,0.01,2025-02-03T02:00:00+00:00,2778.591,2772.133382106363,2783.972348244697,2025-02-03T05:15:00+00:00,2783.972348244697,TP,5.381348244697165
BUY,0.01,2025-02-03T07:30:00+00:00,2789.487460125793,2785.682858867863,2796.335742390067,2025-02-03T08:15:00+00:00,2796.335742390067,TP,6.848282264274077
SELL,0.01,2025-02-04T07:15:00+00:00,2810.5437285281564,2813.7864432465904,2804.7068420349756,2025-02-04T07:45:00+00:00,2813.7864432465904,SL,-3.242714718433945
BUY,0.01,2025-02-05T07:45:00+00:00,2862.133326585612,2858.9500607294913,2867.8632051266286,2025-02-05T08:30:00+00:00,2867.8632051266286,TP,5.72987854101666
SELL,0.01,2025-02-06T07:45:00+00:00,2857.7426744762665,2860.995929713604,2851.8868150490594,2025-02-06T08:15:00+00:00,2851.8868150490594,TP,5.855859427207179
SELL,0.01,2025-02-07T01:30:00+00:00,2865.953,2869.0387150106176,2863.381570824485,2025-02-07T02:15:00+00:00,2869.0387150106176,SL,-3.085715010617605
SELL,0.01,2025-02-07T02:15:00+00:00,2868.439,2871.57975287111,2865.821705940741,2025-02-07T05:00:00+00:00,2865.821705940741,TP,2.617294059258711
BUY,0.01,2025-02-07T08:15:00+00:00,2866.57235926683,2863.908766598531,2871.366826069768,2025-02-07T08:30:00+00:00,2863.908766598531,SL,-2.663592668298861
BUY,0.01,2025-02-10T07:30:00+00:00,2892.654540632673,2889.489134305943,2898.352272020787,2025-02-10T08:30:00+00:00,2898.352272020787,TP,5.69773138811388
SELL,0.01,2025-02-10T23:30:00+00:00,2921.403,2925.573946252492,2917.9272114562564,2025-02-10T23:45:00+00:00,2917.9272114562564,TP,3.4757885437434197
SELL,0.01,2025-02-10T23:45:00+00:00,2917.847,2922.0879072344574,2914.3129106379524,2025-02-11T00:45:00+00:00,2922.0879072344574,SL,-4.240907234457154
SELL,0.01,2025-02-11T01:00:00+00:00,2930.21,2935.0627249051795,2926.166062579017,2025-02-11T01:45:00+00:00,2935.0627249051795,SL,-4.852724905179457
SELL,0.01,2025-02-11T02:00:00+00:00,2939.988,2945.5947043319666,2935.3157463900275,2025-02-11T02:30:00+00:00,2935.3157463900275,TP,4.672253609972358
SELL,0.01,2025-02-11T07:15:00+00:00,2911.9267863953824,2917.5389224415576,2901.8249415122673,2025-02-11T12:00:00+00:00,2901.8249415122673,TP,10.101844883115064
BUY,0.01,2025-02-12T07:15:00+00:00,2895.8046016225853,2891.8285853967323,2902.9614308291207,2025-02-12T07:30:00+00:00,2891.8285853967323,SL,-3.9760162258530727
SELL,0.01,2025-02-13T03:15:00+00:00,2915.141,2919.1556483810987,2911.795459682418,2025-02-13T04:45:00+00:00,2919.1556483810987,SL,-4.014648381098596
BUY,0.01,2025-02-13T07:30:00+00:00,2919.2777570064677,2915.7601869417917,2925.609383122884,2025-02-13T07:45:00+00:00,2915.7601869417917,SL,-3.517570064675965
BUY,0.01,2025-02-14T08:15:00+00:00,2937.150654370469,2934.0641106657795,2942.70643303891,2025-02-14T08:30:00+00:00,2934.0641106657795,SL,-3.086543704689575
BUY,0.01,2025-02-17T07:30:00+00:00,2901.435762920377,2897.2381337166084,2908.9914954871597,2025-02-17T08:30:00+00:00,2897.2381337166084,SL,-4.197629203768429
SELL,0.01,2025-02-18T03:00:00+00:00,2908.671,2912.3437283657604,2905.6103930285326,2025-02-18T05:00:00+00:00,2912.3437283657604,SL,-3.6727283657605767
SELL,0.01,2025-02-18T07:45:00+00:00,2909.7555864274646,2912.609722152821,2904.6181421218225,2025-02-18T08:00:00+00:00,2912.609722152821,SL,-2.8541357253566275
BUY,0.01,2025-02-19T08:00:00+00:00,2936.1219674604454,2933.2922928559897,2941.2153817484655,2025-02-19T09:15:00+00:00,2941.2153817484655,TP,5.093414288020085
BUY,0.01,2025-02-20T07:30:00+00:00,2949.4666009036123,2946.5205918674915,2954.7694171686294,2025-02-20T08:15:00+00:00,2954.7694171686294,TP,5.3028162650171
SELL,0.01,2025-02-21T08:00:00+00:00,2925.225232785219,2929.152904933031,2918.1554229191565,2025-02-21T08:15:00+00:00,2918.1554229191565,TP,7.069809866062314
BUY,0.01,2025-02-24T01:00:00+00:00,2924.256,2920.1849976197996,2927.6485019835004,2025-02-24T01:30:00+00:00,2927.6485019835004,TP,3.392501983500552
BUY,0.01,2025-02-24T07:30:00+00:00,2942.3590278137203,2938.848749676515,2948.67752846069,2025-02-24T08:30:00+00:00,2938.848749676515,SL,-3.510278137205205
BUY,0.01,2025-02-25T03:45:00+00:00,2939.513,2935.876427346129,2942.543477211559,2025-02-25T04:15:00+00:00,2935.876427346129,SL,-3.6365726538710987
SELL,0.01,2025-02-25T07:45:00+00:00,2933.164484014649,2936.409643868158,2927.323196278333,2025-02-25T08:30:00+00:00,2936.409643868158,SL,-3.2451598535089943
BUY,0.01,2025-02-26T07:45:00+00:00,2916.6305453074556,2912.4850922328988,2924.092360841658,2025-02-26T08:15:00+00:00,2912.4850922328988,SL,-4.145453074556826
SELL,0.01,2025-02-27T07:30:00+00:00,2889.6214524788716,2893.716927690153,2882.2495970985647,2025-02-27T07:45:00+00:00,2893.716927690153,SL,-4.0954752112816095
BUY,0.01,2025-02-28T03:30:00+00:00,2863.77,2858.784927200905,2867.9242273325794,2025-02-28T04:15:00+00:00,2858.784927200905,SL,-4.985072799095178
SELL,0.01,2025-02-28T07:15:00+00:00,2861.532321680481,2865.269104875673,2854.8061119291356,2025-02-28T08:15:00+00:00,2854.8061119291356,TP,6.726209751345323
SELL,0.01,2025-03-02T23:00:00+00:00,2872.843,2878.962549510764,2867.7433754076965,2025-03-02T23:45:00+00:00,2867.7433754076965,TP,5.099624592303371
SELL,0.01,2025-03-03T07:15:00+00:00,2861.48298480426,2864.673136761663,2855.7407112809346,2025-03-03T08:00:00+00:00,2864.673136761663,SL,-3.190151957403032
BUY,0.01,2025-03-04T07:15:00+00:00,2892.3985490223827,2888.683058798555,2899.086431425272,2025-03-04T07:30:00+00:00,2899.086431425272,TP,6.6878824028895
SELL,0.01,2025-03-05T07:45:00+00:00,2913.130939265825,2916.871546607577,2906.397846050672,2025-03-05T08:00:00+00:00,2916.871546607577,SL,-3.7406073417519106
SELL,0.01,2025-03-06T07:15:00+00:00,2919.085768672135,2922.018081950784,2913.807604770567,2025-03-06T07:30:00+00:00,2913.807604770567,TP,5.27816390156795
BUY,0.01,2025-03-07T00:00:00+00:00,2899.839,2894.990422078086,2903.8794816015948,2025-03-07T00:15:00+00:00,2903.8794816015948,TP,4.04048160159482
BUY,0.01,2025-03-07T07:30:00+00:00,2915.117868839714,2911.9491804425734,2920.8215079545676,2025-03-07T08:30:00+00:00,2920.8215079545676,TP,5.703639114853559
SELL,0.01,2025-03-10T07:45:00+00:00,2908.984416242848,2912.3502538143684,2902.925908614111,2025-03-10T08:15:00+00:00,2902.925908614111,TP,6.058507628737061
BUY,0.01,2025-03-11T08:00:00+00:00,2903.871116306441,2900.689953242033,2909.5972098223756,2025-03-11T08:45:00+00:00,2909.5972098223756,TP,5.7260935159347355
SELL,0.01,2025-03-12T07:15:00+00:00,2910.1053455220886,2913.0418903012005,2904.819564919687,2025-03-12T07:30:00+00:00,2913.0418903012005,SL,-2.936544779111955
SELL,0.01,2025-03-13T07:15:00+00:00,2934.5546146438287,2937.2084682055424,2929.7776782327437,2025-03-13T08:00:00+00:00,2937.2084682055424,SL,-2.6538535617137313
BUY,0.01,2025-03-14T08:00:00+00:00,2988.0138782869712,2984.6150954172604,2994.1316874524505,2025-03-14T09:00:00+00:00,2994.1316874524505,TP,6.11780916547923
SELL,0.02,2025-03-17T07:45:00+00:00,2985.1434537036607,2987.448916667053,2980.9936203695547,2025-03-17T08:30:00+00:00,2987.448916667053,SL,-4.610925926784148
SELL,0.01,2025-03-18T02:00:00+00:00,3005.989,3009.1762789438117,3003.3329342134907,2025-03-18T02:45:00+00:00,3009.1762789438117,SL,-3.1872789438116342
SELL,0.01,2025-03-18T02:45:00+00:00,3010.902,3014.1721965887587,3008.1768361760346,2025-03-18T03:15:00+00:00,3014.1721965887587,SL,-3.270196588758609
SELL,0.01,2025-03-18T03:15:00+00:00,3012.8,3016.297000119899,3009.8858332334175,2025-03-18T04:45:00+00:00,3016.297000119899,SL,-3.4970001198989844
BUY,0.01,2025-03-18T08:00:00+00:00,3019.005303493638,3015.5722685572546,3025.184766379129,2025-03-18T08:15:00+00:00,3025.184766379129,TP,6.179462885490921
SELL,0.01,2025-03-19T08:00:00+00:00,3034.139817129717,3037.801645832548,3027.5485254646214,2025-03-19T08:30:00+00:00,3027.5485254646214,TP,6.5912916650954685
SELL,0.01,2025-03-20T07:15:00+00:00,3044.753384532919,3048.1895392037304,3038.5683061254585,2025-03-20T10:00:00+00:00,3038.5683061254585,TP,6.1850784074604235
BUY,0.01,2025-03-21T01:45:00+00:00,3035.921,3032.96113277418,3038.3875560215165,2025-03-21T03:00:00+00:00,3032.96113277418,SL,-2.959867225819835
BUY,0.01,2025-03-21T03:00:00+00:00,3031.591,3028.717386714099,3033.9856777382506,2025-03-21T04:45:00+00:00,3028.717386714099,SL,-2.873613285900774
BUY,0.01,2025-03-21T08:00:00+00:00,3034.2597247883054,3031.05247690525,3040.0327709778053,2025-03-21T08:15:00+00:00,3031.05247690525,SL,-3.2072478830555156
BUY,0.01,2025-03-24T07:15:00+00:00,3026.783016640199,3023.7928502382083,3032.165316163783,2025-03-24T07:30:00+00:00,3023.7928502382083,SL,-2.990166401990791
SELL,0.01,2025-03-25T07:15:00+00:00,3014.5359490357023,3017.2064586786796,3009.7290316783433,2025-03-25T08:15:00+00:00,3017.2064586786796,SL,-2.670509642977322
BUY,0.02,2025-03-26T07:30:00+00:00,3027.8776245939634,3025.421378654329,3032.2988672853053,2025-03-26T08:45:00+00:00,3025.421378654329,SL,-4.9124918792686
SELL,0.01,2025-03-27T01:15:00+00:00,3026.943,3029.8914741846966,3024.48593817942,2025-03-27T01:30:00+00:00,3024.48593817942,TP,2.457061820580293
SELL,0.01,2025-03-27T02:30:00+00:00,3031.372,3034.647930199951,3028.642058166707,2025-03-27T04:00:00+00:00,3034.647930199951,SL,-3.27593019995129
BUY,0.01,2025-03-27T07:45:00+00:00,3034.5039065462884,3031.2248410834027,3040.406224379483,2025-03-27T09:45:00+00:00,3040.406224379483,TP,5.902317833194502
SELL,0.01,2025-03-28T01:00:00+00:00,3066.107,3069.466031739864,3063.3078068834466,2025-03-28T01:45:00+00:00,3069.466031739864,SL,-3.3590317398638945
SELL,0.01,2025-03-28T01:45:00+00:00,3073.905,3077.5688721328283,3070.8517732226433,2025-03-28T02:15:00+00:00,3077.5688721328283,SL,-3.6638721328281463
SELL,0.01,2025-03-28T02:15:00+00:00,3075.534,3079.4196632165713,3072.2959473195237,2025-03-28T02:30:00+00:00,3072.2959473195237,TP,3.2380526804763576
SELL,0.01,2025-03-28T08:00:00+00:00,3076.253634041345,3079.9472936278944,3069.6050467855553,2025-03-28T08:15:00+00:00,3069.6050467855553,TP,6.648587255789608
SELL,0.01,2025-03-31T02:30:00+00:00,3104.057,3110.606554549295,3098.599037875587,2025-03-31T03:00:00+00:00,3110.606554549295,SL,-6.549554549295408
SELL,0.01,2025-03-31T03:00:00+00:00,3108.981,3115.7318240756686,3103.355313270277,2025-03-31T04:45:00+00:00,3115.7318240756686,SL,-6.7508240756683335
SELL,0.01,2025-03-31T09:45:00+00:00,3112.9694867994776,3117.8646188046987,3104.15824919008,2025-03-31T10:15:00+00:00,3117.8646188046987,SL,-4.895132005221058
SELL,0.01,2025-04-01T01:30:00+00:00,3135.777,3140.0739159820573,3132.1962366816188,2025-04-01T02:15:00+00:00,3140.0739159820573,SL,-4.296915982057271
SELL,0.01,2025-04-01T02:15:00+00:00,3142.603,3147.4148075847593,3138.593160346034,2025-04-01T04:00:00+00:00,3147.4148075847593,SL,-4.811807584759208
SELL,0.01,2025-04-01T07:30:00+00:00,3125.9723677748134,3131.128690026679,3116.6909877214553,2025-04-01T08:00:00+00:00,3131.128690026679,SL,-5.156322251865731
SELL,0.01,2025-04-02T01:00:00+00:00,3132.205,3137.197484831879,3128.044595973434,2025-04-02T03:00:00+00:00,3128.044595973434,TP,4.160404026566084
BUY,0.01,2025-04-02T07:45:00+00:00,3120.1526846787924,3115.6358378908694,3128.283008897054,2025-04-02T08:15:00+00:00,3128.283008897054,TP,8.130324218261649
SELL,0.01,2025-04-02T23:30:00+00:00,3160.773,3171.543888600807,3151.797259499328,2025-04-03T00:00:00+00:00,3151.797259499328,TP,8.975740500672146
SELL,0.01,2025-04-03T10:00:00+00:00,3115.7590916145537,3122.0881754690145,3104.366740676524,2025-04-03T10:30:00+00:00,3104.366740676524,TP,11.392350938029722
SELL,0.01,2025-04-04T07:15:00+00:00,3094.2484521406163,3100.163930734453,3083.6005906717105,2025-04-04T07:30:00+00:00,3100.163930734453,SL,-5.915478593836724
BUY,0.01,2025-04-06T23:15:00+00:00,2985.438,2971.0946864096177,2997.390761325319,2025-04-06T23:45:00+00:00,2997.390761325319,TP,11.952761325318988
BUY,0.01,2025-04-07T00:00:00+00:00,2981.614,2964.3479654671755,2996.002362110687,2025-04-07T01:00:00+00:00,2996.002362110687,TP,14.38836211068701
BUY,0.01,2025-04-07T08:45:00+00:00,3034.754548141533,3023.049066726201,3055.824414689131,2025-04-07T09:15:00+00:00,3023.049066726201,SL,-11.705481415332088
SELL,0.01,2025-04-08T08:00:00+00:00,3001.7937468752957,3008.0462781223364,2990.5391906306227,2025-04-08T08:15:00+00:00,3008.0462781223364,SL,-6.25253124704068
SELL,0.01,2025-04-10T02:30:00+00:00,3114.05,3126.3740509242007,3103.7799575631666,2025-04-10T03:15:00+00:00,3126.3740509242007,SL,-12.324050924200494
SELL,0.01,2025-04-10T07:30:00+00:00,3116.031132063571,3123.7698114278573,3102.101509207855,2025-04-10T11:30:00+00:00,3123.7698114278573,SL,-7.738679364286327
SELL,0.01,2025-04-11T00:30:00+00:00,3212.616,3222.13197895331,3204.6860175389083,2025-04-11T00:45:00+00:00,3204.6860175389083,TP,7.92998246109164
BUY,0.01,2025-04-11T08:00:00+00:00,3214.0895414427227,3204.2041270154955,3231.883287411732,2025-04-11T10:00:00+00:00,3231.883287411732,TP,17.79374596900925
SELL,0.01,2025-04-14T07:45:00+00:00,3228.165576051242,3234.019815538822,3217.6279449735985,2025-04-14T08:00:00+00:00,3217.6279449735985,TP,10.53763107764371
SELL,0.01,2025-04-15T07:15:00+00:00,3221.6354096490495,3225.7513131585533,3214.2267833319424,2025-04-15T08:00:00+00:00,3225.7513131585533,SL,-4.115903509503823
SELL,0.01,2025-04-15T23:00:00+00:00,3241.653,3246.3806853310157,3237.713262224153,2025-04-15T23:30:00+00:00,3246.3806853310157,SL,-4.727685331015891
SELL,0.01,2025-04-15T23:30:00+00:00,3243.91,3248.823949086437,3239.815042427969,2025-04-15T23:45:00+00:00,3248.823949086437,SL,-4.913949086437242
SELL,0.01,2025-04-15T23:45:00+00:00,3251.78,3257.3026098659775,3247.1778251116857,2025-04-16T00:00:00+00:00,3257.3026098659775,SL,-5.5226098659773015
SELL,0.01,2025-04-16T00:00:00+00:00,3255.867,3261.855709161265,3250.8764090322793,2025-04-16T00:15:00+00:00,3261.855709161265,SL,-5.988709161264978
SELL,0.01,2025-04-16T00:15:00+00:00,3261.676,3267.790572792603,3256.5805226728307,2025-04-16T00:45:00+00:00,3267.790572792603,SL,-6.114572792603212
BUY,0.01,2025-04-16T07:45:00+00:00,3298.5410812746645,3292.8202685280216,3308.8385442186213,2025-04-16T08:00:00+00:00,3308.8385442186213,TP,10.297462943956816
SELL,0.01,2025-04-17T07:15:00+00:00,3319.313297853655,3326.0903193171057,3307.114659219444,2025-04-17T09:15:00+00:00,3326.0903193171057,SL,-6.777021463450637
SELL,0.01,2025-04-21T00:30:00+00:00,3369.78,3378.246443787793,3362.7246301768396,2025-04-21T01:45:00+00:00,3378.246443787793,SL,-8.466443787792741
BUY,0.01,2025-04-21T07:15:00+00:00,3395.324953683904,3390.1454168448627,3404.648119994178,2025-04-21T07:45:00+00:00,3390.1454168448627,SL,-5.179536839041248
SELL,0.01,2025-04-22T02:30:00+00:00,3468.24,3479.4951956410396,3458.8606702991333,2025-04-22T03:15:00+00:00,3479.4951956410396,SL,-11.25519564103979
SELL,0.01,2025-04-22T03:15:00+00:00,3488.574,3499.8780303292147,3479.1539747256547,2025-04-22T05:00:00+00:00,3479.1539747256547,TP,9.420025274345335
SELL,0.01,2025-04-22T08:30:00+00:00,3459.827513416814,3470.162379248675,3441.224754919464,2025-04-22T12:45:00+00:00,3441.224754919464,TP,18.602758497349896
BUY,0.01,2025-04-23T09:00:00+00:00,3327.0723379901156,3315.8689580889636,3347.2384218121892,2025-04-23T12:00:00+00:00,3315.8689580889636,SL,-11.203379901151948
SELL,0.01,2025-04-24T00:15:00+00:00,3334.653,3344.4614071170718,3326.47932740244,2025-04-24T01:00:00+00:00,3344.4614071170718,SL,-9.808407117071965
SELL,0.01,2025-04-24T01:00:00+00:00,3348.324,3358.918310071504,3339.4954082737468,2025-04-24T01:15:00+00:00,3358.918310071504,SL,-10.594310071503969
SELL,0.01,2025-04-24T01:15:00+00:00,3359.449,3370.4850307806823,3350.2523076827647,2025-04-24T01:45:00+00:00,3350.2523076827647,TP,9.196692317235375
BUY,0.01,2025-04-24T08:45:00+00:00,3340.688646049926,3332.172185550666,3356.018274948593,2025-04-24T09:30:00+00:00,3332.172185550666,SL,-8.516460499259665
BUY,0.01,2025-04-25T04:00:00+00:00,3321.778,3311.9287409444623,3329.9857158796144,2025-04-25T05:30:00+00:00,3311.9287409444623,SL,-9.849259055537459
BUY,0.01,2025-04-25T07:15:00+00:00,3310.997838215104,3302.089456064063,3327.0329260869776,2025-04-25T08:00:00+00:00,3302.089456064063,SL,-8.908382151040769
BUY,0.01,2025-04-28T02:00:00+00:00,3271.204,3260.0571938700455,3280.4930051082956,2025-04-28T02:30:00+00:00,3280.4930051082956,TP,9.289005108295441
SELL,0.01,2025-04-28T09:30:00+00:00,3277.0289188554384,3283.599730301055,3265.2014582533284,2025-04-28T10:15:00+00:00,3283.599730301055,SL,-6.5708114456165285
BUY,0.01,2025-04-29T03:00:00+00:00,3313.646,3305.249331120272,3320.6432240664403,2025-04-29T05:15:00+00:00,3305.249331120272,SL,-8.396668879728168
BUY,0.01,2025-04-29T08:00:00+00:00,3324.5296844162376,3318.1828402538604,3335.9540039085164,2025-04-29T08:30:00+00:00,3318.1828402538604,SL,-6.346844162377238
BUY,0.01,2025-04-30T07:15:00+00:00,3311.7571999280995,3306.7452006471026,3320.7787986338935,2025-04-30T08:00:00+00:00,3306.7452006471026,SL,-5.011999280996861
BUY,0.01,2025-05-01T00:15:00+00:00,3258.92,3248.005873546193,3268.015105378173,2025-05-01T00:30:00+00:00,3248.005873546193,SL,-10.914126453807057
BUY,0.01,2025-05-01T00:30:00+00:00,3248.045,3236.7267397214646,3257.4768835654463,2025-05-01T01:00:00+00:00,3236.7267397214646,SL,-11.31826027853549
BUY,0.01,2025-05-01T01:00:00+00:00,3243.813,3232.0163980251405,3253.6435016457162,2025-05-01T03:00:00+00:00,3232.0163980251405,SL,-11.796601974859641
SELL,0.01,2025-05-01T07:15:00+00:00,3227.409319264374,3234.5861266206316,3214.4910660231108,2025-05-01T07:30:00+00:00,3234.5861266206316,SL,-7.17680735625754
SELL,0.01,2025-05-02T03:30:00+00:00,3256.953,3263.534610221069,3251.4683248157758,2025-05-02T04:45:00+00:00,3251.4683248157758,TP,5.484675184224216
BUY,0.01,2025-05-02T07:30:00+00:00,3262.9661597185573,3257.2045625329824,3273.337034652592,2025-05-02T08:00:00+00:00,3257.2045625329824,SL,-5.7615971855748285
SELL,0.01,2025-05-05T01:15:00+00:00,3265.174,3272.519047511886,3259.053127073428,2025-05-05T03:15:00+00:00,3259.053127073428,TP,6.120872926571792
BUY,0.01,2025-05-05T07:45:00+00:00,3266.261880783401,3260.9730729493936,3275.7817348846147,2025-05-05T08:30:00+00:00,3275.7817348846147,TP,9.519854101213696
SELL,0.01,2025-05-06T01:00:00+00:00,3362.24,3371.174840087932,3354.794299926723,2025-05-06T01:30:00+00:00,3371.174840087932,SL,-8.934840087932116
SELL,0.01,2025-05-06T01:30:00+00:00,3378.381,3388.9971325247984,3369.534222896001,2025-05-06T02:30:00+00:00,3369.534222896001,TP,8.846777103998647
BUY,0.01,2025-05-06T07:15:00+00:00,3371.5368901779884,3363.6679883981037,3385.700913381781,2025-05-06T12:30:00+00:00,3385.700913381781,TP,14.164023203792567
BUY,0.01,2025-05-07T07:15:00+00:00,3397.2371796879543,3389.1553828084134,3411.784414071128,2025-05-07T07:30:00+00:00,3389.1553828084134,SL,-8.081796879540889
SELL,0.01,2025-05-08T01:45:00+00:00,3408.631,3418.2997853059373,3400.5736789117186,2025-05-08T03:00:00+00:00,3400.5736789117186,TP,8.057321088281242
BUY,0.01,2025-05-09T02:00:00+00:00,3277.193,3266.373557130149,3286.209202391543,2025-05-09T02:30:00+00:00,3286.209202391543,TP,9.01620239154272
SELL,0.01,2025-05-12T07:15:00+00:00,3244.751064296069,3254.9804213353777,3226.3382216253135,2025-05-12T07:30:00+00:00,3226.3382216253135,TP,18.41284267075571
BUY,0.01,2025-05-14T07:30:00+00:00,3237.3476755119495,3231.320920392453,3248.195834727043,2025-05-14T08:30:00+00:00,3231.320920392453,SL,-6.026755119496556
BUY,0.01,2025-05-15T02:15:00+00:00,3163.89,3156.3801170297806,3170.148235808516,2025-05-15T02:30:00+00:00,3156.3801170297806,SL,-7.509882970219224
BUY,0.01,2025-05-15T02:30:00+00:00,3157.669,3149.6863372419393,3164.3212189650503,2025-05-15T03:00:00+00:00,3149.6863372419393,SL,-7.982662758060542
BUY,0.01,2025-05-15T03:00:00+00:00,3149.918,3141.7549632341215,3156.7205306382325,2025-05-15T04:45:00+00:00,3141.7549632341215,SL,-8.163036765878587
BUY,0.01,2025-05-15T08:30:00+00:00,3154.8125716408085,3145.716855232723,3171.1848611753626,2025-05-15T09:30:00+00:00,3171.1848611753626,TP,16.372289534554056
SELL,0.01,2025-05-16T07:15:00+00:00,3209.1450969126886,3216.4341277857984,3196.024841341091,2025-05-16T08:15:00+00:00,3196.024841341091,TP,13.12025557159768
SELL,0.01,2025-05-18T23:00:00+00:00,3244.42,3253.3228369129756,3237.0009692391873,2025-05-18T23:30:00+00:00,3237.0009692391873,TP,7.419030760812803
BUY,0.01,2025-05-19T07:30:00+00:00,3232.364553630726,3225.639017323469,3244.4705189837878,2025-05-19T08:45:00+00:00,3244.4705189837878,TP,12.105965353061947
BUY,0.01,2025-05-20T02:30:00+00:00,3210.235,3203.8590947734447,3215.548254355463,2025-05-20T04:45:00+00:00,3215.548254355463,TP,5.313254355462959
BUY,0.01,2025-05-20T07:30:00+00:00,3219.8176998305253,3214.2107015252714,3229.9102967799827,2025-05-20T08:45:00+00:00,3229.9102967799827,TP,10.092596949457402
SELL,0.01,2025-05-21T07:15:00+00:00,3310.1129164666772,3316.3537517999052,3298.8794128668665,2025-05-21T10:15:00+00:00,3316.3537517999052,SL,-6.240835333228006
SELL,0.01,2025-05-22T01:15:00+00:00,3338.316,3345.194413861439,3332.5839884488005,2025-05-22T03:15:00+00:00,3345.194413861439,SL,-6.878413861439185
SELL,0.01,2025-05-22T07:15:00+00:00,3323.52937583877,3328.655617451067,3314.302140936636,2025-05-22T07:30:00+00:00,3328.655617451067,SL,-5.126241612296781
BUY,0.01,2025-05-23T07:45:00+00:00,3333.4148345772874,3328.306488804415,3342.6098569684573,2025-05-23T08:00:00+00:00,3328.306488804415,SL,-5.108345772872326
SELL,0.01,2025-05-26T07:15:00+00:00,3333.5083880848592,3338.334507236267,3324.821373612325,2025-05-26T08:00:00+00:00,3338.334507236267,SL,-4.8261191514079655
SELL,0.01,2025-05-27T07:45:00+00:00,3301.524728382366,3308.4074445587075,3289.135839264951,2025-05-27T08:00:00+00:00,3308.4074445587075,SL,-6.882716176341547
BUY,0.01,2025-05-28T07:30:00+00:00,3313.903141309932,3308.5517282106134,3323.5356848887054,2025-05-28T08:00:00+00:00,3323.5356848887054,TP,9.632543578773493
BUY,0.01,2025-05-28T23:00:00+00:00,3270.505,3262.354069184962,3277.297442345865,2025-05-28T23:15:00+00:00,3262.354069184962,SL,-8.15093081503801
BUY,0.01,2025-05-28T23:15:00+00:00,3266.226,3257.7656785288937,3273.276267892589,2025-05-28T23:30:00+00:00,3257.7656785288937,SL,-8.460321471106454
BUY,0.01,2025-05-28T23:30:00+00:00,3252.694,3243.292130062544,3260.528891614547,2025-05-28T23:45:00+00:00,3260.528891614547,TP,7.834891614546905
BUY,0.01,2025-05-29T07:15:00+00:00,3278.823467072725,3272.8287963454773,3289.6138743817714,2025-05-29T10:15:00+00:00,3289.6138743817714,TP,10.790407309046259
BUY,0.01,2025-05-30T02:15:00+00:00,3301.994,3296.043037540638,3306.953135382802,2025-05-30T02:45:00+00:00,3296.043037540638,SL,-5.950962459362017
BUY,0.01,2025-05-30T02:45:00+00:00,3297.253,3291.2224925733053,3302.2784228555793,2025-05-30T03:00:00+00:00,3302.2784228555793,TP,5.025422855579109
BUY,0.01,2025-05-30T03:30:00+00:00,3293.924,3287.7987604896325,3299.0283662586394,2025-05-30T05:30:00+00:00,3299.0283662586394,TP,5.104366258639402
BUY,0.01,2025-06-02T07:15:00+00:00,3353.3298293636285,3347.581535727347,3363.6767579089355,2025-06-02T09:00:00+00:00,3347.581535727347,SL,-5.748293636281687
BUY,0.01,2025-06-04T07:30:00+00:00,3363.4272872030247,3358.6344151727744,3372.054456857475,2025-06-04T07:45:00+00:00,3358.6344151727744,SL,-4.792872030250237
BUY,0.01,2025-06-05T07:15:00+00:00,3373.1667205384006,3368.759515154394,3381.099690229612,2025-06-05T09:15:00+00:00,3381.099690229612,TP,7.932969691211383
SELL,0.01,2025-06-06T07:45:00+00:00,3355.6189445000896,3360.259499499194,3347.2659455017015,2025-06-06T08:00:00+00:00,3360.259499499194,SL,-4.640554999104552
BUY,0.01,2025-06-09T01:45:00+00:00,3295.964,3288.33930265124,3302.3179144573,2025-06-09T02:15:00+00:00,3302.3179144573,TP,6.353914457300107
BUY,0.01,2025-06-09T07:15:00+00:00,3325.9260382036473,3321.335656167176,3334.1887258692955,2025-06-09T08:45:00+00:00,3321.335656167176,SL,-4.59038203647151
BUY,0.01,2025-06-10T01:00:00+00:00,3313.491,3308.508520168644,3317.64306652613,2025-06-10T01:30:00+00:00,3308.508520168644,SL,-4.982479831356159
BUY,0.01,2025-06-10T01:30:00+00:00,3306.658,3301.283259737249,3311.136950218959,2025-06-10T05:00:00+00:00,3311.136950218959,TP,4.4789502189591985
BUY,0.01,2025-06-10T07:30:00+00:00,3331.8176922703933,3326.8607695664627,3340.740153137468,2025-06-10T08:45:00+00:00,3326.8607695664627,SL,-4.956922703930559
BUY,0.01,2025-06-11T07:30:00+00:00,3340.64788076965,3336.4990730731533,3348.115734623344,2025-06-11T07:45:00+00:00,3348.115734623344,TP,7.467853853694123
SELL,0.01,2025-06-12T02:30:00+00:00,3377.102,3384.1292380205055,3371.245968316245,2025-06-12T04:00:00+00:00,3371.245968316245,TP,5.856031683754736
SELL,0.01,2025-06-12T07:30:00+00:00,3364.614679250732,3371.007886743412,3353.106905763908,2025-06-12T07:45:00+00:00,3353.106905763908,TP,11.507773486824135
SELL,0.01,2025-06-13T00:00:00+00:00,3402.063,3408.1966287211735,3396.9516427323556,2025-06-13T00:15:00+00:00,3408.1966287211735,SL,-6.133628721173409
SELL,0.01,2025-06-13T00:15:00+00:00,3413.636,3420.5712838125182,3407.8565968229013,2025-06-13T00:30:00+00:00,3407.8565968229013,TP,5.779403177098629
SELL,0.01,2025-06-13T00:45:00+00:00,3416.859,3425.0805130832427,3410.007739097298,2025-06-13T01:00:00+00:00,3425.0805130832427,SL,-8.221513083242826
SELL,0.01,2025-06-13T01:00:00+00:00,3425.524,3434.1602621487255,3418.3271148760623,2025-06-13T02:15:00+00:00,3434.1602621487255,SL,-8.636262148725564
SELL,0.01,2025-06-17T08:45:00+00:00,3380.558141073287,3385.7167303404167,3371.2726803924534,2025-06-17T09:45:00+00:00,3385.7167303404167,SL,-5.158589267129628
SELL,0.01,2025-06-18T07:15:00+00:00,3378.9596581175247,3383.363076942278,3371.0335042329684,2025-06-18T07:30:00+00:00,3383.363076942278,SL,-4.403418824753317
BUY,0.01,2025-06-19T07:30:00+00:00,3365.4465569690765,3359.1609872783138,3376.760582412449,2025-06-19T10:15:00+00:00,3376.760582412449,TP,11.31402544337243
BUY,0.01,2025-06-20T03:00:00+00:00,3346.703,3340.668341609775,3351.7318819918546,2025-06-20T03:15:00+00:00,3351.7318819918546,TP,5.028881991854632
BUY,0.01,2025-06-20T07:15:00+00:00,3354.976804609751,3349.6687585122395,3364.5312875852724,2025-06-20T07:30:00+00:00,3349.6687585122395,SL,-5.308046097511578
BUY,0.01,2025-06-23T08:00:00+00:00,3360.317981410407,3355.518167306338,3368.9576467977313,2025-06-23T09:15:00+00:00,3368.9576467977313,TP,8.639665387324385
SELL,0.01,2025-06-25T07:15:00+00:00,3327.2491779441975,3330.727398502223,3320.9883809397516,2025-06-25T07:30:00+00:00,3330.727398502223,SL,-3.4782205580254413
BUY,0.01,2025-06-26T07:15:00+00:00,3344.306877735589,3340.668100379701,3350.856676976187,2025-06-26T09:00:00+00:00,3340.668100379701,SL,-3.638777355887669
BUY,0.01,2025-06-27T03:00:00+00:00,3305.017,3299.8165075901143,3309.350743674904,2025-06-27T03:15:00+00:00,3299.8165075901143,SL,-5.200492409885555
BUY,0.01,2025-06-27T03:15:00+00:00,3302.463,3297.150628476535,3306.889976269554,2025-06-27T03:45:00+00:00,3297.150628476535,SL,-5.312371523465117
BUY,0.01,2025-06-27T03:45:00+00:00,3294.318,3288.7417898598696,3298.9648417834424,2025-06-27T05:15:00+00:00,3298.9648417834424,TP,4.646841783442142
SELL,0.01,2025-06-27T07:15:00+00:00,3286.3017956207705,3291.9638394130634,3276.1101167946426,2025-06-27T11:45:00+00:00,3276.1101167946426,TP,10.191678826127827
BUY,0.01,2025-06-30T07:15:00+00:00,3295.9784687434994,3291.703781308502,3303.672906126494,2025-06-30T07:45:00+00:00,3291.703781308502,SL,-4.274687434997304
SELL,0.01,2025-07-01T01:00:00+00:00,3318.767,3322.9258857194764,3315.301261900436,2025-07-01T02:15:00+00:00,3315.301261900436,TP,3.4657380995636236
BUY,0.01,2025-07-01T07:15:00+00:00,3337.679678839138,3333.9128904477584,3344.459897943621,2025-07-01T07:30:00+00:00,3333.9128904477584,SL,-3.7667883913795777
SELL,0.01,2025-07-02T07:15:00+00:00,3327.5951336552735,3331.333797102538,3320.865539450197,2025-07-02T07:30:00+00:00,3331.333797102538,SL,-3.738663447264571
SELL,0.01,2025-07-03T07:15:00+00:00,3356.1073653955805,3359.8537114397764,3349.3639425160277,2025-07-03T09:30:00+00:00,3349.3639425160277,TP,6.743422879552782
SELL,0.01,2025-07-04T07:15:00+00:00,3337.449431298202,3340.4851183161836,3331.9851946658346,2025-07-04T07:30:00+00:00,3340.4851183161836,SL,-3.0356870179816724
BUY,0.01,2025-07-07T01:00:00+00:00,3311.011,3305.833700192408,3315.3254165063267,2025-07-07T01:30:00+00:00,3315.3254165063267,TP,4.314416506326779
SELL,0.01,2025-07-07T07:45:00+00:00,3305.3397308713947,3310.102422157446,3296.766886556502,2025-07-07T08:15:00+00:00,3310.102422157446,SL,-4.762691286051449
SELL,0.01,2025-07-08T08:00:00+00:00,3330.4105914420957,3334.144677021142,3323.6892373998126,2025-07-08T08:45:00+00:00,3323.6892373998126,TP,6.72135404228311
BUY,0.01,2025-07-09T02:45:00+00:00,3288.57,3283.2728930012145,3292.9842558323217,2025-07-09T03:00:00+00:00,3292.9842558323217,TP,4.414255832321487
BUY,0.01,2025-07-09T07:45:00+00:00,3294.17939504908,3289.8154445582777,3302.0345059325246,2025-07-09T08:00:00+00:00,3289.8154445582777,SL,-4.363950490802381
SELL,0.01,2025-07-10T07:45:00+00:00,3320.575946438359,3323.836482054769,3314.706982328821,2025-07-10T08:30:00+00:00,3323.836482054769,SL,-3.260535616409925
SELL,0.01,2025-07-11T00:30:00+00:00,3335.889,3339.5168147972317,3332.8658210023073,2025-07-11T00:45:00+00:00,3332.8658210023073,TP,3.0231789976928667
BUY,0.01,2025-07-11T10:15:00+00:00,3344.2175309093413,3340.312221815931,3351.24708727748,2025-07-11T12:30:00+00:00,3351.24708727748,TP,7.029556368138856
BUY,0.01,2025-07-14T07:15:00+00:00,3372.975047524334,3368.524572280994,3380.985902962346,2025-07-14T08:15:00+00:00,3368.524572280994,SL,-4.450475243339952
SELL,0.01,2025-07-15T03:30:00+00:00,3357.323,3360.8489849535918,3354.38467920534,2025-07-15T04:00:00+00:00,3360.8489849535918,SL,-3.5259849535918875
SELL,0.01,2025-07-15T04:00:00+00:00,3360.89,3364.352136005903,3358.004886661747,2025-07-15T05:15:00+00:00,3364.352136005903,SL,-3.4621360059031763
BUY,0.01,2025-07-15T07:45:00+00:00,3364.4764010743024,3361.5123903312765,3369.8116204117487,2025-07-15T08:15:00+00:00,3361.5123903312765,SL,-2.9640107430259377
SELL,0.01,2025-07-16T07:30:00+00:00,3336.6945528407728,3339.4990244330434,3331.646503974686,2025-07-16T08:00:00+00:00,3339.4990244330434,SL,-2.804471592270602
SELL,0.01,2025-07-17T07:30:00+00:00,3327.819880872191,3331.771072150283,3320.7077365716245,2025-07-17T08:30:00+00:00,3331.771072150283,SL,-3.9511912780922103
BUY,0.01,2025-07-18T07:15:00+00:00,3345.159919583497,3342.030723748528,3350.792472086441,2025-07-18T09:00:00+00:00,3350.792472086441,TP,5.632552502944236
SELL,0.01,2025-07-21T07:15:00+00:00,3365.047265133137,3368.344613801768,3359.1120375296014,2025-07-21T11:00:00+00:00,3368.344613801768,SL,-3.2973486686310025
SELL,0.01,2025-07-22T07:15:00+00:00,3384.0874107666673,3386.8733030999942,3379.0728045666788,2025-07-22T07:45:00+00:00,3386.8733030999942,SL,-2.785892333326956
BUY,0.01,2025-07-23T07:15:00+00:00,3429.187162989941,3425.4955330905327,3435.832096808876,2025-07-23T07:30:00+00:00,3425.4955330905327,SL,-3.6916298994083268
SELL,0.01,2025-07-24T07:45:00+00:00,3369.4487836671947,3374.2209469952454,3360.8588896767037,2025-07-24T08:30:00+00:00,3374.2209469952454,SL,-4.772163328050738
BUY,0.01,2025-07-25T07:15:00+00:00,3360.0903841923,3356.946542269298,3365.7492996537035,2025-07-25T07:30:00+00:00,3356.946542269298,SL,-3.143841923002128
SELL,0.01,2025-07-28T07:30:00+00:00,3335.3908273345014,3339.0325539894893,3328.8357193555235,2025-07-28T09:15:00+00:00,3339.0325539894893,SL,-3.6417266549879064
BUY,0.01,2025-07-29T08:00:00+00:00,3322.8686668998944,3318.48199790095,3330.7646710979943,2025-07-29T11:00:00+00:00,3318.48199790095,SL,-4.386668998944515
BUY,0.01,2025-07-30T08:15:00+00:00,3332.4961172395488,3329.0249448440577,3338.7442275514322,2025-07-30T10:00:00+00:00,3329.0249448440577,SL,-3.471172395491067
BUY,0.01,2025-07-31T07:45:00+00:00,3305.26242589316,3301.0081669615574,3312.920091970045,2025-07-31T08:15:00+00:00,3312.920091970045,TP,7.657666076885107
SELL,0.01,2025-08-01T07:30:00+00:00,3289.093288806104,3292.6704007450676,3282.654487315969,2025-08-01T08:45:00+00:00,3292.6704007450676,SL,-3.5771119389637533
SELL,0.01,2025-08-04T07:30:00+00:00,3353.134323373442,3357.111089639026,3345.9761440953903,2025-08-04T08:00:00+00:00,3357.111089639026,SL,-3.9767662655840468
BUY,0.01,2025-08-05T07:15:00+00:00,3374.504746056649,3371.3772854901604,3380.134175076328,2025-08-05T07:45:00+00:00,3371.3772854901604,SL,-3.1274605664884803
SELL,0.01,2025-08-06T07:15:00+00:00,3370.9662354080647,3373.9238813274214,3365.6424727532226,2025-08-06T07:30:00+00:00,3373.9238813274214,SL,-2.9576459193567644
SELL,0.01,2025-08-07T01:30:00+00:00,3381.681,3385.7145252498194,3378.3197289584837,2025-08-07T02:30:00+00:00,3378.3197289584837,TP,3.3612710415163747
BUY,0.01,2025-08-07T07:15:00+00:00,3388.9029704347936,3385.19326608686,3395.5804382610736,2025-08-07T07:30:00+00:00,3395.5804382610736,TP,6.677467826280008
BUY,0.01,2025-08-08T07:45:00+00:00,3400.930362425829,3395.836738167537,3410.0988860907546,2025-08-08T08:45:00+00:00,3395.836738167537,SL,-5.093624258292039
BUY,0.01,2025-08-11T01:00:00+00:00,3372.895,3365.8801655156794,3378.7406954036005,2025-08-11T01:45:00+00:00,3378.7406954036005,TP,5.84569540360053
SELL,0.01,2025-08-11T07:30:00+00:00,3359.0082776096383,3363.8455015132554,3350.3012745831275,2025-08-11T08:15:00+00:00,3363.8455015132554,SL,-4.837223903617087
BUY,0.01,2025-08-12T07:30:00+00:00,3355.3528202913753,3350.794617377623,3363.5575855361294,2025-08-12T08:15:00+00:00,3350.794617377623,SL,-4.558202913752211
BUY,0.01,2025-08-13T07:15:00+00:00,3359.6291284152385,3356.0378442628557,3366.0934398895274,2025-08-13T07:45:00+00:00,3356.0378442628557,SL,-3.5912841523827415
SELL,0.01,2025-08-14T00:00:00+00:00,3368.011,3371.155366057717,3365.3906949519023,2025-08-14T00:15:00+00:00,3371.155366057717,SL,-3.1443660577169794
SELL,0.01,2025-08-14T00:15:00+00:00,3372.928,3376.2891970535943,3370.127002455338,2025-08-14T00:30:00+00:00,3370.127002455338,TP,2.8009975446620956
SELL,0.01,2025-08-14T00:30:00+00:00,3371.056,3374.6229115497663,3368.083573708528,2025-08-14T01:00:00+00:00,3368.083573708528,TP,2.9724262914719475
SELL,0.01,2025-08-14T07:30:00+00:00,3355.552949236003,3359.4134568759737,3348.604035484055,2025-08-14T07:45:00+00:00,3348.604035484055,TP,6.948913751947658
SELL,0.01,2025-08-15T04:00:00+00:00,3345.292,3348.2701411461717,3342.8102157115236,2025-08-15T05:00:00+00:00,3348.2701411461717,SL,-2.9781411461717653
BUY,0.01,2025-08-15T07:15:00+00:00,3344.774121924835,3341.792902676486,3350.1403165718634,2025-08-15T07:30:00+00:00,3341.792902676486,SL,-2.9812192483491344
BUY,0.01,2025-08-17T23:15:00+00:00,3329.064,3325.8202837701733,3331.7670968581883,2025-08-18T00:00:00+00:00,3331.7670968581883,TP,2.7030968581884736
BUY,0.01,2025-08-18T07:15:00+00:00,3354.668990903534,3351.129081868193,3361.040827167147,2025-08-18T07:30:00+00:00,3351.129081868193,SL,-3.53990903534077
BUY,0.01,2025-08-19T10:00:00+00:00,3342.0977848547404,3339.3299363073365,3347.079912240067,2025-08-19T11:30:00+00:00,3339.3299363073365,SL,-2.7678485474039007
BUY,0.01,2025-08-20T07:15:00+00:00,3326.284159735915,3323.542562376768,3331.2190349823804,2025-08-20T08:00:00+00:00,3323.542562376768,SL,-2.741597359147363
BUY,0.01,2025-08-21T07:30:00+00:00,3340.173823450619,3337.6755889444303,3344.6706455617577,2025-08-21T10:30:00+00:00,3337.6755889444303,SL,-2.49823450618851
BUY,0.01,2025-08-22T07:15:00+00:00,3334.239412868852,3331.715284180333,3338.7828445081864,2025-08-22T07:30:00+00:00,3331.715284180333,SL,-2.5241286885188856
SELL,0.02,2025-08-25T08:15:00+00:00,3364.2048634872217,3366.536228615007,3360.008406257208,2025-08-25T09:45:00+00:00,3366.536228615007,SL,-4.66273025557075
BUY,0.01,2025-08-25T23:00:00+00:00,3358.531,3355.972880922822,3360.662765897648,2025-08-25T23:15:00+00:00,3355.972880922822,SL,-2.558119077178162
BUY,0.01,2025-08-25T23:15:00+00:00,3355.766,3352.988603714049,3358.080496904959,2025-08-25T23:30:00+00:00,3352.988603714049,SL,-2.7773962859509993
BUY,0.01,2025-08-25T23:30:00+00:00,3353.859,3350.959074877331,3356.2756042688907,2025-08-26T00:00:00+00:00,3356.2756042688907,TP,2.416604268890751
SELL,0.01,2025-08-26T00:30:00+00:00,3382.043,3387.3027025361453,3377.6599145532127,2025-08-26T01:00:00+00:00,3377.6599145532127,TP,4.3830854467873905
SELL,0.01,2025-08-26T07:15:00+00:00,3369.8626446456037,3373.6761981895675,3362.998248266469,2025-08-26T07:30:00+00:00,3373.6761981895675,SL,-3.813553543963735
SELL,0.01,2025-08-27T07:15:00+00:00,3373.84753861359,3376.6421524776897,3368.817233658211,2025-08-27T07:30:00+00:00,3376.6421524776897,SL,-2.794613864099574
BUY,0.01,2025-08-28T07:15:00+00:00,3397.223847347505,3394.495373872454,3402.1350996025967,2025-08-28T07:30:00+00:00,3394.495373872454,SL,-2.7284734750510324
SELL,0.01,2025-08-29T07:15:00+00:00,3407.6230732846298,3409.972340438334,3403.3943924079626,2025-08-29T07:30:00+00:00,3409.972340438334,SL,-2.3492671537042042
SELL,0.01,2025-09-01T02:15:00+00:00,3466.357,3473.5506512572965,3460.3622906189194,2025-09-01T02:30:00+00:00,3473.5506512572965,SL,-7.193651257296551
SELL,0.01,2025-09-01T02:30:00+00:00,3475.45,3483.0735333103466,3469.097055574711,2025-09-01T02:45:00+00:00,3483.0735333103466,SL,-7.623533310346829
SELL,0.01,2025-09-01T02:45:00+00:00,3483.531,3491.5136809310366,3476.8787658908027,2025-09-01T03:00:00+00:00,3476.8787658908027,TP,6.652234109197252
SELL,0.01,2025-09-01T07:15:00+00:00,3474.0405910996096,3480.16468010351,3463.017230892589,2025-09-01T14:15:00+00:00,3480.16468010351,SL,-6.124089003900281
SELL,0.01,2025-09-02T01:00:00+00:00,3488.861,3493.627101105526,3484.8892490787284,2025-09-02T01:15:00+00:00,3493.627101105526,SL,-4.766101105526104
SELL,0.01,2025-09-02T01:15:00+00:00,3497.446,3502.698465312274,3493.068945573105,2025-09-02T01:45:00+00:00,3502.698465312274,SL,-5.252465312274126
SELL,0.01,2025-09-02T01:45:00+00:00,3497.812,3504.5941257029303,3492.1602285808913,2025-09-02T02:15:00+00:00,3492.1602285808913,TP,5.651771419108627
SELL,0.01,2025-09-02T07:15:00+00:00,3482.760399629763,3487.516403332131,3474.1995929655,2025-09-02T07:45:00+00:00,3474.1995929655,TP,8.560806664263055
SELL,0.01,2025-09-03T07:15:00+00:00,3529.3696278462876,3533.6933493834144,3521.586929079459,2025-09-03T07:30:00+00:00,3533.6933493834144,SL,-4.323721537126858
BUY,0.01,2025-09-04T02:00:00+00:00,3542.529,3535.731353773649,3548.1937051886257,2025-09-04T02:45:00+00:00,3535.731353773649,SL,-6.797646226350936
BUY,0.01,2025-09-04T02:45:00+00:00,3530.883,3523.2505450585663,3537.243379117861,2025-09-04T03:00:00+00:00,3523.2505450585663,SL,-7.63245494143348
BUY,0.01,2025-09-04T03:00:00+00:00,3515.165,3506.3114918400975,3522.5429234665853,2025-09-04T03:15:00+00:00,3522.5429234665853,TP,7.377923466585344
BUY,0.01,2025-09-04T08:00:00+00:00,3542.2213491168036,3536.557857948768,3552.415633219268,2025-09-04T12:15:00+00:00,3552.415633219268,TP,10.19428410246428
SELL,0.01,2025-09-05T07:30:00+00:00,3547.9095990332507,3551.403608700745,3541.6203816317616,2025-09-05T09:30:00+00:00,3551.403608700745,SL,-3.4940096674940837
BUY,0.01,2025-09-08T07:15:00+00:00,3605.379031133418,3600.7287197992428,3613.749591534933,2025-09-08T08:15:00+00:00,3613.749591534933,TP,8.370560401515377
SELL,0.01,2025-09-09T01:15:00+00:00,3644.458,3649.232009185872,3640.479659011774,2025-09-09T02:00:00+00:00,3649.232009185872,SL,-4.774009185871819
SELL,0.01,2025-09-09T02:00:00+00:00,3650.871,3656.0401902993294,3646.5633414172257,2025-09-09T03:00:00+00:00,3646.5633414172257,TP,4.307658582774366
BUY,0.01,2025-09-10T07:45:00+00:00,3648.2169915000222,3643.827076499798,3656.1188385004266,2025-09-10T08:00:00+00:00,3643.827076499798,SL,-4.389915000224391
SELL,0.01,2025-09-11T09:00:00+00:00,3622.199488673805,3626.864601935757,3613.802284802291,2025-09-11T12:30:00+00:00,3626.864601935757,SL,-4.665113261952229
SELL,0.01,2025-09-12T02:00:00+00:00,3647.39,3651.7955894523507,3643.7186754563745,2025-09-12T03:15:00+00:00,3651.7955894523507,SL,-4.405589452350796
SELL,0.01,2025-09-12T07:45:00+00:00,3647.968418617003,3651.2342324469732,3642.089953723056,2025-09-12T08:45:00+00:00,3642.089953723056,TP,5.878464893946784
BUY,0.01,2025-09-15T00:45:00+00:00,3633.401,3629.6972329428213,3636.487472547649,2025-09-15T01:00:00+00:00,3629.6972329428213,SL,-3.7037670571785384
BUY,0.01,2025-09-15T01:00:00+00:00,3628.798,3624.7130163040483,3632.2021530799593,2025-09-15T01:15:00+00:00,3632.2021530799593,TP,3.4041530799595425
BUY,0.01,2025-09-15T07:45:00+00:00,3644.337632132114,3640.761310810977,3650.77501051016,2025-09-15T09:15:00+00:00,3640.761310810977,SL,-3.5763213211366747
BUY,0.01,2025-09-16T08:00:00+00:00,3694.6134208108097,3690.58921270271,3701.856995405389,2025-09-16T11:15:00+00:00,3690.58921270271,SL,-4.024208108099629
BUY,0.01,2025-09-17T01:30:00+00:00,3677.712,3673.972007766302,3680.8286601947484,2025-09-17T01:45:00+00:00,3680.8286601947484,TP,3.1166601947484196
SELL,0.01,2025-09-17T07:15:00+00:00,3669.924271382015,3674.0415575618654,3662.513156258284,2025-09-17T08:30:00+00:00,3662.513156258284,TP,7.411115123730724
BUY,0.01,2025-09-18T07:30:00+00:00,3652.6186238613354,3646.382385247982,3663.843853365372,2025-09-18T08:45:00+00:00,3663.843853365372,TP,11.225229504036633
BUY,0.01,2025-09-19T07:45:00+00:00,3654.7153947530364,3650.121447222672,3662.9845003076925,2025-09-19T08:15:00+00:00,3650.121447222672,SL,-4.593947530364403
SELL,0.01,2025-09-22T01:00:00+00:00,3694.614,3698.9882608670714,3690.968782610774,2025-09-22T01:15:00+00:00,3690.968782610774,TP,3.6452173892262176
BUY,0.01,2025-09-22T08:30:00+00:00,3720.326984015958,3715.627143856381,3728.786696303196,2025-09-22T12:15:00+00:00,3715.627143856381,SL,-4.699840159576979
BUY,0.01,2025-09-23T08:15:00+00:00,3757.910618187552,3753.334436312033,3766.147745563485,2025-09-23T08:30:00+00:00,3766.147745563485,TP,8.237127375933142
BUY,0.01,2025-09-24T07:15:00+00:00,3776.5562145086683,3772.134069421984,3784.5160756647,2025-09-24T08:00:00+00:00,3772.134069421984,SL,-4.422145086684395
BUY,0.01,2025-09-25T07:30:00+00:00,3748.8784751323833,3743.7137238085515,3758.1750275152804,2025-09-25T08:00:00+00:00,3758.1750275152804,TP,9.296552382897062
BUY,0.01,2025-09-26T08:30:00+00:00,3754.630595341436,3749.9746419270746,3763.0113114872875,2025-09-26T09:15:00+00:00,3749.9746419270746,SL,-4.6559534143616474
SELL,0.01,2025-09-29T07:30:00+00:00,3810.271792708402,3817.083865624386,3798.0100614596304,2025-09-29T08:45:00+00:00,3817.083865624386,SL,-6.812072915984118
SELL,0.01,2025-09-30T01:15:00+00:00,3844.346,3849.8572793414974,3839.753267215419,2025-09-30T01:30:00+00:00,3849.8572793414974,SL,-5.511279341497357
SELL,0.01,2025-09-30T01:30:00+00:00,3848.2,3853.9975879599615,3843.3686767000318,2025-09-30T02:15:00+00:00,3843.3686767000318,TP,4.831323299968062
SELL,0.01,2025-09-30T03:15:00+00:00,3858.212,3864.5299547987006,3852.9470376677496,2025-09-30T03:45:00+00:00,3864.5299547987006,SL,-6.317954798700612
SELL,0.01,2025-09-30T03:45:00+00:00,3864.772,3871.098140617247,3859.500216152294,2025-09-30T06:00:00+00:00,3871.098140617247,SL,-6.326140617246892
SELL,0.01,2025-09-30T07:15:00+00:00,3850.217971616144,3856.258255454705,3839.3454607067347,2025-09-30T08:00:00+00:00,3839.3454607067347,TP,10.872510909409357
BUY,0.01,2025-10-01T07:15:00+00:00,3867.7570306209814,3862.236724411166,3877.6935817986487,2025-10-01T07:45:00+00:00,3877.6935817986487,TP,9.936551177667297
BUY,0.01,2025-10-02T07:15:00+00:00,3874.8012477346024,3869.6887703885764,3884.003706957449,2025-10-02T07:30:00+00:00,3869.6887703885764,SL,-5.112477346026026
BUY,0.01,2025-10-03T03:15:00+00:00,3839.924,3833.478976905886,3845.294852578428,2025-10-03T04:00:00+00:00,3845.294852578428,TP,5.370852578428185
BUY,0.01,2025-10-03T07:15:00+00:00,3861.4926870033605,3856.7058169697566,3870.109053063848,2025-10-03T11:30:00+00:00,3856.7058169697566,SL,-4.786870033603918
SELL,0.01,2025-10-05T23:00:00+00:00,3910.066,3917.8532018828464,3903.5766650976275,2025-10-06T00:00:00+00:00,3903.5766650976275,TP,6.48933490237232
SELL,0.01,2025-10-06T02:00:00+00:00,3923.812,3932.076605333006,3916.9248288891613,2025-10-06T04:00:00+00:00,3932.076605333006,SL,-8.264605333005875
BUY,0.01,2025-10-06T07:45:00+00:00,3937.0254434866633,3930.3010086200284,3949.129426246606,2025-10-06T08:00:00+00:00,3949.129426246606,TP,12.103982759942483
SELL,0.01,2025-10-07T07:15:00+00:00,3949.0425000580663,3955.3674994774065,3937.6575011032537,2025-10-07T07:30:00+00:00,3955.3674994774065,SL,-6.324999419340202
SELL,0.01,2025-10-08T00:00:00+00:00,3996.797,4002.222346711346,3992.275877740545,2025-10-08T00:30:00+00:00,3992.275877740545,TP,4.521122259454842
SELL,0.01,2025-10-08T02:30:00+00:00,4006.494,4013.1745832478223,4000.926847293482,2025-10-08T03:00:00+00:00,4013.1745832478223,SL,-6.680583247822142
SELL,0.01,2025-10-08T03:00:00+00:00,4013.476,4020.09157433103,4007.963021390808,2025-10-08T04:00:00+00:00,4020.09157433103,SL,-6.615574331030075
BUY,0.01,2025-10-08T08:00:00+00:00,4039.6043487195234,4033.7908615242923,4050.0686256709396,2025-10-08T09:00:00+00:00,4033.7908615242923,SL,-5.813487195231119
BUY,0.01,2025-10-08T23:15:00+00:00,4013.942,4003.7919527008876,4022.4003727492604,2025-10-08T23:45:00+00:00,4003.7919527008876,SL,-10.15004729911243
BUY,0.01,2025-10-09T09:00:00+00:00,4041.613658916906,4035.57706974785,4052.4795194212065,2025-10-09T09:30:00+00:00,4035.57706974785,SL,-6.036589169055787
BUY,0.01,2025-10-10T04:00:00+00:00,3947.917,3936.919855108052,3957.0812874099565,2025-10-10T04:15:00+00:00,3957.0812874099565,TP,9.164287409956614
BUY,0.01,2025-10-10T08:00:00+00:00,3977.1046063027466,3967.658543275278,3994.10751975219,2025-10-10T08:45:00+00:00,3994.10751975219,TP,17.00291344944344
SELL,0.01,2025-10-12T23:00:00+00:00,4048.307,4063.0197452401526,4036.046378966539,2025-10-12T23:45:00+00:00,4036.046378966539,TP,12.260621033460666
BUY,0.01,2025-10-13T07:15:00+00:00,4074.410674154279,4066.0239326114875,4089.506808931304,2025-10-13T13:15:00+00:00,4089.506808931304,TP,15.096134777024872
SELL,0.01,2025-10-13T23:30:00+00:00,4128.464,4136.295201600207,4121.9379986664935,2025-10-14T00:00:00+00:00,4121.9379986664935,TP,6.526001333506429
SELL,0.01,2025-10-14T01:00:00+00:00,4140.584,4149.441934104292,4133.202388246423,2025-10-14T01:15:00+00:00,4149.441934104292,SL,-8.857934104292326
SELL,0.01,2025-10-14T01:15:00+00:00,4146.859,4156.004538811129,4139.237717657393,2025-10-14T01:30:00+00:00,4139.237717657393,TP,7.621282342607628
BUY,0.01,2025-10-14T08:00:00+00:00,4135.348956473519,4120.879391738331,4161.394172996858,2025-10-14T12:15:00+00:00,4120.879391738331,SL,-14.469564735188214
BUY,0.01,2025-10-15T07:30:00+00:00,4201.347304548286,4193.644259065429,4215.21278641743,2025-10-15T08:00:00+00:00,4215.21278641743,TP,13.865481869143878
BUY,0.01,2025-10-16T07:15:00+00:00,4232.516030987712,4224.085721110594,4247.690588766524,2025-10-16T09:15:00+00:00,4224.085721110594,SL,-8.430309877117907
SELL,0.01,2025-10-17T07:15:00+00:00,4345.127731911102,4361.950412800083,4314.846906310938,2025-10-17T11:30:00+00:00,4314.846906310938,TP,30.280825600164462
BUY,0.01,2025-10-20T07:15:00+00:00,4258.39539749925,4246.071422506744,4280.578552485761,2025-10-20T10:00:00+00:00,4246.071422506744,SL,-12.32397499250601
SELL,0.01,2025-10-21T07:30:00+00:00,4316.00486883796,4327.646180458354,4295.050507921252,2025-10-21T08:00:00+00:00,4295.050507921252,TP,20.954360916708538
BUY,0.01,2025-10-22T00:00:00+00:00,4036.562,4012.63774725425,4056.498877288125,2025-10-22T00:15:00+00:00,4056.498877288125,TP,19.936877288125288
BUY,0.01,2025-10-22T00:15:00+00:00,4049.084,4024.387536736089,4069.664386053259,2025-10-22T00:30:00+00:00,4069.664386053259,TP,20.58038605325919
SELL,0.01,2025-10-22T08:00:00+00:00,4125.9148844140545,4143.706040273518,4093.8908038670215,2025-10-22T08:15:00+00:00,4093.8908038670215,TP,32.02408054703301
SELL,0.01,2025-10-23T07:30:00+00:00,4108.872626215966,4121.0363640563055,4086.9778981033555,2025-10-23T09:00:00+00:00,4121.0363640563055,SL,-12.163737840339309
SELL,0.01,2025-10-24T07:45:00+00:00,4080.3908916250375,4090.4019753746616,4062.370940875714,2025-10-24T08:00:00+00:00,4062.370940875714,TP,18.01995074932347
BUY,0.01,2025-10-26T23:30:00+00:00,4067.491,4052.295791734765,4080.1536735543627,2025-10-27T00:45:00+00:00,4080.1536735543627,TP,12.662673554362755
SELL,0.01,2025-10-27T07:15:00+00:00,4069.084180237154,4078.412377865608,4052.293424505937,2025-10-27T08:45:00+00:00,4052.293424505937,TP,16.79075573121736
SELL,0.01,2025-10-28T07:15:00+00:00,3935.111138314953,3946.669755165417,3914.3056279841185,2025-10-28T08:15:00+00:00,3914.3056279841185,TP,20.80551033083475
BUY,0.01,2025-10-29T07:15:00+00:00,3997.8786596926807,3987.312062765874,4016.8985341609323,2025-10-29T08:45:00+00:00,4016.8985341609323,TP,19.0198744682516
BUY,0.01,2025-10-30T09:00:00+00:00,3978.5236597755356,3965.697062020181,4001.6115357351737,2025-10-30T09:15:00+00:00,4001.6115357351737,TP,23.08787595963804
BUY,0.01,2025-10-31T07:15:00+00:00,4017.737451384404,4008.3829375403657,4034.5755763036723,2025-10-31T08:45:00+00:00,4008.3829375403657,SL,-9.354513844038138
BUY,0.01,2025-11-03T00:00:00+00:00,3968.503,3956.4558712849553,3978.542273929204,2025-11-03T01:00:00+00:00,3978.542273929204,TP,10.039273929203773
BUY,0.01,2025-11-03T07:45:00+00:00,4024.4105711809634,4016.7648593713307,4038.1728524383025,2025-11-03T08:15:00+00:00,4016.7648593713307,SL,-7.645711809632758
BUY,0.01,2025-11-04T07:15:00+00:00,3990.983553123584,3982.8580218877432,4005.609509348097,2025-11-04T13:30:00+00:00,3982.8580218877432,SL,-8.125531235840754
BUY,0.01,2025-11-05T07:45:00+00:00,3974.2787863171984,3967.4309231452125,3986.6049400267725,2025-11-05T08:00:00+00:00,3986.6049400267725,TP,12.3261537095741
BUY,0.01,2025-11-06T07:15:00+00:00,3999.3397840364405,3993.761943672036,4009.379896692368,2025-11-06T07:30:00+00:00,4009.379896692368,TP,10.040112655927715
BUY,0.01,2025-11-07T09:00:00+00:00,4010.5375822653837,4005.3217596115464,4019.926063042291,2025-11-07T09:30:00+00:00,4005.3217596115464,SL,-5.215822653837222
SELL,0.01,2025-11-10T01:00:00+00:00,4026.84,4034.876410176496,4020.142991519587,2025-11-10T01:15:00+00:00,4034.876410176496,SL,-8.036410176495792
SELL,0.01,2025-11-10T01:15:00+00:00,4047.96,4057.588723735317,4039.9360635539024,2025-11-10T02:00:00+00:00,4039.9360635539024,TP,8.02393644609765
BUY,0.01,2025-11-10T08:00:00+00:00,4079.361976634535,4072.922210289184,4090.9535560561667,2025-11-10T09:15:00+00:00,4072.922210289184,SL,-6.4397663453510186
SELL,0.01,2025-11-11T00:15:00+00:00,4124.934,4131.058223643127,4119.830480297394,2025-11-11T00:45:00+00:00,4131.058223643127,SL,-6.124223643127152
SELL,0.01,2025-11-11T00:45:00+00:00,4130.931,4137.091131610655,4125.79755699112,2025-11-11T01:15:00+00:00,4137.091131610655,SL,-6.160131610655299
SELL,0.01,2025-11-11T01:15:00+00:00,4137.309,4143.84559511327,4131.861837405609,2025-11-11T01:45:00+00:00,4131.861837405609,TP,5.447162594391557
SELL,0.01,2025-11-11T07:45:00+00:00,4125.461253385528,4131.658719530251,4114.305814325026,2025-11-11T08:00:00+00:00,4131.658719530251,SL,-6.197466144722966
SELL,0.01,2025-11-11T23:30:00+00:00,4143.485,4150.137050820797,4137.941624316001,2025-11-12T00:45:00+00:00,4137.941624316001,TP,5.54337568399842
BUY,0.01,2025-11-12T04:00:00+00:00,4109.738,4101.821385957573,4116.33517836869,2025-11-12T05:30:00+00:00,4101.821385957573,SL,-7.916614042427682
BUY,0.01,2025-11-12T08:15:00+00:00,4126.0525969612845,4118.706627348445,4139.2753422643955,2025-11-12T10:30:00+00:00,4118.706627348445,SL,-7.345969612839326
BUY,0.01,2025-11-13T07:15:00+00:00,4213.028132016606,4205.156811850545,4227.196508315516,2025-11-13T08:00:00+00:00,4227.196508315516,TP,14.168376298910518
SELL,0.01,2025-11-14T07:15:00+00:00,4168.32424828662,4177.501765420427,4151.804717445768,2025-11-14T07:45:00+00:00,4177.501765420427,SL,-9.17751713380676
BUY,0.01,2025-11-17T07:15:00+00:00,4074.4615357991747,4065.606177807429,4090.401180184317,2025-11-17T08:00:00+00:00,4090.401180184317,TP,15.939644385142401
SELL,0.01,2025-11-18T07:30:00+00:00,4001.5078799423195,4011.0190805191232,3984.3877189040722,2025-11-18T07:45:00+00:00,4011.0190805191232,SL,-9.51120057680373
SELL,0.01,2025-11-19T08:00:00+00:00,4084.1118028634423,4091.5637742290187,4070.698254405405,2025-11-19T09:15:00+00:00,4091.5637742290187,SL,-7.451971365576355
BUY,0.01,2025-11-20T02:15:00+00:00,4055.052,4041.6150590142156,4066.2494508214872,2025-11-20T02:45:00+00:00,4066.2494508214872,TP,11.19745082148711
SELL,0.01,2025-11-20T07:45:00+00:00,4057.6898506706775,4067.5213439639006,4039.9931627428764,2025-11-20T08:15:00+00:00,4039.9931627428764,TP,17.696687927801122
SELL,0.01,2025-11-21T08:00:00+00:00,4023.805149601723,4033.853653584495,4005.717842432733,2025-11-21T08:15:00+00:00,4033.853653584495,SL,-10.048503982772218
BUY,0.01,2025-11-24T07:30:00+00:00,4058.9288046803003,4051.0407578772974,4073.127288925705,2025-11-24T09:00:00+00:00,4073.127288925705,TP,14.198484245404872
SELL,0.01,2025-11-25T02:30:00+00:00,4151.956,4161.517803264271,4143.987830613108,2025-11-25T03:15:00+00:00,4143.987830613108,TP,7.968169386892441
SELL,0.01,2025-11-25T07:15:00+00:00,4137.872142706884,4144.5707156380495,4125.814711430787,2025-11-25T08:30:00+00:00,4125.814711430787,TP,12.057431276097304
SELL,0.01,2025-11-26T02:15:00+00:00,4162.473,4170.938811663897,4155.418156946753,2025-11-26T06:15:00+00:00,4155.418156946753,TP,7.054843053247168
BUY,0.01,2025-11-26T07:45:00+00:00,4160.886190527617,4154.634285251453,4172.139620024713,2025-11-26T11:30:00+00:00,4172.139620024713,TP,11.253429497095567
BUY,0.01,2025-11-27T02:45:00+00:00,4145.45,4138.769984458397,4151.016679618003,2025-11-27T04:30:00+00:00,4151.016679618003,TP,5.566679618003036
BUY,0.01,2025-11-27T07:15:00+00:00,4161.604277487015,4156.591502616871,4170.627272253272,2025-11-27T09:00:00+00:00,4156.591502616871,SL,-5.012774870143403
SELL,0.01,2025-11-28T00:15:00+00:00,4170.685,4174.760132607714,4167.289056160239,2025-11-28T00:30:00+00:00,4174.760132607714,SL,-4.075132607713385
SELL,0.01,2025-11-28T00:30:00+00:00,4178.838,4183.7361659928765,4174.756195005936,2025-11-28T01:00:00+00:00,4183.7361659928765,SL,-4.898165992876784
SELL,0.01,2025-11-28T01:00:00+00:00,4186.364,4191.911269657123,4181.74127528573,2025-11-28T01:30:00+00:00,4191.911269657123,SL,-5.547269657123252
SELL,0.01,2025-11-28T01:30:00+00:00,4192.364,4198.291990673743,4187.42400777188,2025-11-28T02:00:00+00:00,4187.42400777188,TP,4.939992228119991
SELL,0.01,2025-11-28T07:30:00+00:00,4181.1258807733375,4186.907073039961,4170.719734693415,2025-11-28T08:00:00+00:00,4170.719734693415,TP,10.40614607992211
SELL,0.01,2025-12-01T00:30:00+00:00,4231.809,4240.42550463535,4224.628579470542,2025-12-01T01:00:00+00:00,4224.628579470542,TP,7.180420529458388
SELL,0.01,2025-12-01T01:15:00+00:00,4238.49,4248.304400686538,4230.311332761217,2025-12-01T01:45:00+00:00,4248.304400686538,SL,-9.814400686538647
SELL,0.01,2025-12-01T01:45:00+00:00,4255.34,4266.169153653189,4246.315705289009,2025-12-01T02:00:00+00:00,4246.315705289009,TP,9.024294710990944
BUY,0.01,2025-12-01T07:15:00+00:00,4241.331615004763,4233.365464957134,4255.670685090496,2025-12-01T10:00:00+00:00,4255.670685090496,TP,14.339070085732603
BUY,0.01,2025-12-02T01:00:00+00:00,4205.325,4195.043981261384,4213.892515615513,2025-12-02T01:15:00+00:00,4213.892515615513,TP,8.567515615513003
SELL,0.01,2025-12-02T09:15:00+00:00,4202.5370643089655,4209.746421219309,4189.560221870347,2025-12-02T09:30:00+00:00,4189.560221870347,TP,12.976842438618405
SELL,0.01,2025-12-03T02:45:00+00:00,4226.569,4234.356549805858,4220.079375161786,2025-12-03T04:00:00+00:00,4220.079375161786,TP,6.489624838214696
SELL,0.01,2025-12-03T07:15:00+00:00,4204.139953368055,4209.810419687505,4193.9331139930455,2025-12-03T08:30:00+00:00,4209.810419687505,SL,-5.670466319449588
BUY,0.01,2025-12-04T07:15:00+00:00,4193.053121992152,4186.54190207063,4204.773317850892,2025-12-04T07:45:00+00:00,4186.54190207063,SL,-6.5112199215218425
SELL,0.01,2025-12-05T09:00:00+00:00,4218.135893768001,4222.826956087994,4209.691981592013,2025-12-05T09:30:00+00:00,4222.826956087994,SL,-4.691062319993762
SELL,0.01,2025-12-08T07:30:00+00:00,4211.734887341492,4216.84601392657,4202.534859488352,2025-12-08T10:30:00+00:00,4202.534859488352,TP,9.200027853140455
BUY,0.01,2025-12-09T08:00:00+00:00,4186.3682178825675,4181.346039056895,4195.408139768777,2025-12-09T09:00:00+00:00,4195.408139768777,TP,9.039921886209413
SELL,0.01,2025-12-10T08:00:00+00:00,4202.697480614369,4206.912674470679,4195.110131673011,2025-12-10T09:00:00+00:00,4195.110131673011,TP,7.587348941357959
BUY,0.01,2025-12-11T07:30:00+00:00,4216.040637071622,4210.104266355401,4226.72610436082,2025-12-11T11:45:00+00:00,4210.104266355401,SL,-5.936370716221063
BUY,0.01,2025-12-12T07:30:00+00:00,4289.385628933083,4284.5793396022445,4298.036949728593,2025-12-12T08:30:00+00:00,4298.036949728593,TP,8.651320795509491
SELL,0.01,2025-12-15T02:30:00+00:00,4328.877,4337.22140856608,4321.923326194934,2025-12-15T03:15:00+00:00,4321.923326194934,TP,6.953673805066502
SELL,0.01,2025-12-15T07:30:00+00:00,4339.167254198025,4344.784712217776,4329.055829762473,2025-12-15T08:15:00+00:00,4344.784712217776,SL,-5.617458019751211
BUY,0.01,2025-12-16T03:00:00+00:00,4282.275,4272.604054753087,4290.334121039093,2025-12-16T03:45:00+00:00,4290.334121039093,TP,8.059121039093043
SELL,0.01,2025-12-16T07:15:00+00:00,4281.864953477265,4288.515418704618,4269.89411606803,2025-12-16T07:30:00+00:00,4288.515418704618,SL,-6.650465227353379
SELL,0.01,2025-12-17T01:30:00+00:00,4322.978,4329.819872024978,4317.276439979185,2025-12-17T02:30:00+00:00,4317.276439979185,TP,5.701560020815123
SELL,0.01,2025-12-17T07:15:00+00:00,4321.938214987944,4328.1760651085015,4310.71008477094,2025-12-17T08:00:00+00:00,4310.71008477094,TP,11.228130217004036
BUY,0.01,2025-12-18T07:30:00+00:00,4336.59827431928,4332.195531126487,4344.523212066307,2025-12-18T07:45:00+00:00,4332.195531126487,SL,-4.402743192792514
SELL,0.01,2025-12-19T08:00:00+00:00,4321.319452099667,4326.284931102996,4312.381589893675,2025-12-19T08:30:00+00:00,4326.284931102996,SL,-4.965479003329165
SELL,0.01,2025-12-22T00:00:00+00:00,4359.663,4366.142406623051,4354.26349448079,2025-12-22T00:30:00+00:00,4366.142406623051,SL,-6.4794066230515455
SELL,0.01,2025-12-22T01:30:00+00:00,4381.786,4389.729113384996,4375.166738845837,2025-12-22T03:00:00+00:00,4389.729113384996,SL,-7.943113384995741
SELL,0.01,2025-12-22T23:15:00+00:00,4458.991,4465.975158514755,4453.17086790437,2025-12-22T23:30:00+00:00,4453.17086790437,TP,5.82013209562956
SELL,0.01,2025-12-22T23:30:00+00:00,4458.295,4465.31420433513,4452.445663054058,2025-12-23T00:00:00+00:00,4465.31420433513,SL,-7.019204335129871
SELL,0.01,2025-12-23T00:00:00+00:00,4466.192,4473.54650577876,4460.063245184367,2025-12-23T01:00:00+00:00,4473.54650577876,SL,-7.354505778759631
SELL,0.01,2025-12-23T01:00:00+00:00,4485.42,4493.146133536734,4478.981555386055,2025-12-23T01:15:00+00:00,4478.981555386055,TP,6.43844461394474
BUY,0.01,2025-12-23T07:15:00+00:00,4483.628426477906,4477.604161698842,4494.47210308022,2025-12-23T13:00:00+00:00,4494.47210308022,TP,10.84367660231419
SELL,0.01,2025-12-24T00:30:00+00:00,4517.747,4527.2220494796675,4509.851125433611,2025-12-24T00:45:00+00:00,4509.851125433611,TP,7.895874566389466
SELL,0.01,2025-12-24T07:45:00+00:00,4484.64773325269,4492.1004007257925,4471.232931801107,2025-12-24T08:30:00+00:00,4492.1004007257925,SL,-7.452667473102339
SELL,0.01,2025-12-26T00:45:00+00:00,4517.946,4528.5854200415515,4509.07981663204,2025-12-26T01:00:00+00:00,4528.5854200415515,SL,-10.639420041551602
SELL,0.01,2025-12-26T07:45:00+00:00,4507.455939998861,4514.366540010249,4495.016859978362,2025-12-26T08:00:00+00:00,4514.366540010249,SL,-6.910600011387942
BUY,0.01,2025-12-29T00:15:00+00:00,4487.214,4472.830425059467,4499.200312450444,2025-12-29T00:30:00+00:00,4472.830425059467,SL,-14.383574940532526
BUY,0.01,2025-12-29T00:30:00+00:00,4489.787,4473.765880412363,4503.137932989698,2025-12-29T00:45:00+00:00,4503.137932989698,TP,13.350932989697867
BUY,0.01,2025-12-30T07:45:00+00:00,4379.385272473368,4370.472547739682,4395.428176994003,2025-12-30T08:00:00+00:00,4370.472547739682,SL,-8.912724733685536
BUY,0.01,2025-12-31T07:15:00+00:00,4333.8755854109895,4319.649731301097,4359.482122808796,2025-12-31T08:30:00+00:00,4319.649731301097,SL,-14.22585410989268
