setup,reason,direction,lot,entry_time,entry_price,sl,tp,exit_time,exit_price,exit_reason,pnl_usd
D,VP_ASIA_VA_REENTRY_ABSORB_BUY,BUY,0.04,2025-01-02T01:15:00+00:00,2632.69,2632.9338898868,2638.0,2025-01-02T01:45:00+00:00,2632.7838898868,SL,0.5077797735993954
D,VP_ASIA_VA_REENTRY_TRAP_SELL,SELL,0.04,2025-01-03T02:15:00+00:00,2659.17,2662.0676536491837,2654.0,2025-01-03T02:45:00+00:00,2662.217653649184,SL,-12.190614596735031
D,VP_ASIA_VA_REENTRY_TRAP_SELL,SELL,0.04,2025-01-06T00:00:00+00:00,2639.038,2641.3126775578157,2626.0,2025-01-06T00:45:00+00:00,2641.462677557816,SL,-9.698710231263249
D,VP_ASIA_VA_REENTRY_ABSORB_BUY,BUY,0.04,2025-01-07T01:00:00+00:00,2637.425,2637.643472731143,2643.0,2025-01-07T01:30:00+00:00,2637.493472731143,SL,0.9869454622848934
D,VP_ASIA_VA_REENTRY_TRAP_BUY,BUY,0.04,2025-01-08T03:00:00+00:00,2647.3740000000003,2647.5680924195253,2652.0,2025-01-08T04:15:00+00:00,2647.4180924195252,SL,1.0401848390492887
D,VP_ASIA_VA_REENTRY_TRAP_BUY,BUY,0.04,2025-01-09T01:30:00+00:00,2659.261,2656.630400548104,2665.0,2025-01-09T02:15:00+00:00,2656.4804005481037,SL,-11.122397807585003
D,VP_ASIA_VA_REENTRY_TRAP_BUY,BUY,0.04,2025-01-09T23:00:00+00:00,2670.716,2670.920246126126,2678.0,2025-01-09T23:30:00+00:00,2670.770246126126,SL,-1.6235077477476807
D,VP_ASIA_VA_REENTRY_TRAP_SELL,SELL,0.04,2025-01-12T23:15:00+00:00,2688.587,2692.113418616509,2684.0,2025-01-13T00:00:00+00:00,2692.263418616509,SL,-14.705674466036726
D,VP_ASIA_VA_REENTRY_TRAP_BUY,BUY,0.04,2025-01-13T23:45:00+00:00,2668.208,2668.461605459171,2671.0,2025-01-14T00:45:00+00:00,2670.85,TP2,6.5679999999993015
D,VP_ASIA_VA_REENTRY_TRAP_BUY,BUY,0.04,2025-01-15T02:30:00+00:00,2673.025,2673.250083100419,2682.0,2025-01-15T03:00:00+00:00,2673.100083100419,SL,3.8001662008373387
D,VP_ASIA_VA_REENTRY_TRAP_BUY,BUY,0.04,2025-01-15T23:00:00+00:00,2695.927,2696.1820448715393,2699.0,2025-01-15T23:30:00+00:00,2696.0320448715393,SL,0.056089743077791354
D,VP_ASIA_VA_REENTRY_TRAP_SELL,SELL,0.04,2025-01-16T23:00:00+00:00,2714.11,2713.8837376311376,2710.0,2025-01-16T23:30:00+00:00,2714.0337376311377,SL,-1.9274752622750384
D,VP_ASIA_VA_REENTRY_TRAP_BUY,BUY,0.04,2025-01-19T23:30:00+00:00,2696.458,2693.1113691188543,2713.0,2025-01-20T00:45:00+00:00,2692.9613691188542,SL,-13.98652352458339
D,VP_ASIA_VA_REENTRY_TRAP_BUY,BUY,0.04,2025-01-21T02:00:00+00:00,2720.868,2721.2553478190753,2728.0,2025-01-21T05:00:00+00:00,2727.85,TP2,23.927999999999884
D,VP_ASIA_VA_REENTRY_TRAP_BUY,BUY,0.04,2025-01-22T00:45:00+00:00,2748.382,2748.6103777452126,2754.0,2025-01-22T01:15:00+00:00,2748.4603777452126,SL,-0.907244509575321
D,VP_ASIA_VA_REENTRY_TRAP_SELL,SELL,0.04,2025-01-23T00:00:00+00:00,2753.701,2755.7559420096864,2751.0,2025-01-23T00:30:00+00:00,2755.9059420096864,SL,-8.819768038745678
D,VP_ASIA_VA_REENTRY_ABSORB_BUY,BUY,0.04,2025-01-24T02:30:00+00:00,2772.775,2773.080286841205,2776.0,2025-01-24T03:00:00+00:00,2775.85,TP2,6.299999999999272
D,VP_ASIA_VA_REENTRY_TRAP_SELL,SELL,0.04,2025-01-27T01:30:00+00:00,2763.162,2762.8437408497475,2751.0,2025-01-27T06:15:00+00:00,2751.15,TP2,38.047999999998865
D,VP_ASIA_VA_REENTRY_TRAP_SELL,SELL,0.04,2025-01-27T23:30:00+00:00,2741.7999999999997,2745.0854910361654,2739.0,2025-01-28T01:15:00+00:00,2745.2354910361655,SL,-13.741964144663143
D,VP_ASIA_VA_REENTRY_TRAP_SELL,SELL,0.04,2025-01-29T01:30:00+00:00,2764.332,2764.178661042462,2761.0,2025-01-29T04:30:00+00:00,2764.328661042462,SL,2.370677915075248
D,VP_ASIA_VA_REENTRY_TRAP_BUY,BUY,0.04,2025-01-29T23:00:00+00:00,2760.078,2760.405782187811,2768.0,2025-01-29T23:30:00+00:00,2760.255782187811,SL,-0.10043562437840592
D,VP_ASIA_VA_REENTRY_TRAP_BUY,BUY,0.04,2025-01-30T23:00:00+00:00,2795.132,2795.4585251685994,2797.0,2025-01-30T23:30:00+00:00,2795.3085251685993,SL,-0.21094966280179506
D,VP_ASIA_VA_REENTRY_ABSORB_SELL,SELL,0.04,2025-02-02T23:15:00+00:00,2792.138,2791.5969285138185,2773.0,2025-02-03T03:30:00+00:00,2773.15,TP2,55.951999999999316
D,VP_ASIA_VA_REENTRY_TRAP_BUY,BUY,0.04,2025-02-03T23:00:00+00:00,2813.176,2813.4698148497273,2820.0,2025-02-04T01:15:00+00:00,2819.85,TP2,18.695999999999913
D,VP_ASIA_VA_REENTRY_ABSORB_BUY,BUY,0.04,2025-02-05T01:45:00+00:00,2844.5370000000003,2844.904532416038,2859.0,2025-02-05T05:30:00+00:00,2858.85,TP2,29.25199999999859
D,VP_ASIA_VA_REENTRY_TRAP_SELL,SELL,0.04,2025-02-06T02:30:00+00:00,2870.303,2869.98994324214,2859.0,2025-02-06T03:15:00+00:00,2870.13994324214,SL,2.6321135157195386
D,VP_ASIA_VA_REENTRY_TRAP_BUY,BUY,0.04,2025-02-07T01:30:00+00:00,2866.103,2866.3631684234406,2869.0,2025-02-07T02:00:00+00:00,2866.2131684234405,SL,3.714336846880542
D,VP_ASIA_VA_REENTRY_TRAP_BUY,BUY,0.04,2025-02-09T23:15:00+00:00,2869.833,2865.9628699288755,2894.0,2025-02-10T00:00:00+00:00,2865.8128699288754,SL,-16.08052028449856
D,VP_ASIA_VA_REENTRY_TRAP_BUY,BUY,0.04,2025-02-10T23:00:00+00:00,2911.463,2911.8105788543744,2924.0,2025-02-11T00:45:00+00:00,2923.85,TP2,39.547999999998865
D,VP_ASIA_VA_REENTRY_TRAP_SELL,SELL,0.04,2025-02-12T00:30:00+00:00,2893.211,2892.9114048911542,2887.0,2025-02-12T01:00:00+00:00,2893.0614048911543,SL,2.4211902176903095
D,VP_ASIA_VA_REENTRY_TRAP_BUY,BUY,0.04,2025-02-13T00:30:00+00:00,2908.802,2905.3980006587203,2920.0,2025-02-13T01:00:00+00:00,2905.2480006587202,SL,-14.21599736511962
D,VP_ASIA_VA_REENTRY_TRAP_BUY,BUY,0.04,2025-02-13T23:00:00+00:00,2928.28,2928.5606561233903,2935.0,2025-02-14T00:00:00+00:00,2928.4106561233903,SL,-0.5986877532204744
D,VP_ASIA_VA_REENTRY_TRAP_BUY,BUY,0.04,2025-02-16T23:00:00+00:00,2893.7180000000003,2889.0574016321793,2903.0,2025-02-16T23:15:00+00:00,2888.9074016321792,SL,-19.24239347128423
D,VP_ASIA_VA_REENTRY_ABSORB_BUY,BUY,0.04,2025-02-18T03:00:00+00:00,2908.821,2909.1077480393747,2914.0,2025-02-18T05:30:00+00:00,2913.85,TP2,16.115999999999985
D,VP_ASIA_VA_REENTRY_ABSORB_SELL,SELL,0.04,2025-02-19T02:00:00+00:00,2936.7239999999997,2936.443534695016,2928.0,2025-02-19T02:45:00+00:00,2928.15,TP2,22.295999999998457
D,VP_ASIA_VA_REENTRY_TRAP_BUY,BUY,0.04,2025-02-19T23:15:00+00:00,2934.656,2934.9539028549398,2948.0,2025-02-20T01:30:00+00:00,2934.8039028549397,SL,10.68380570987938
D,VP_ASIA_VA_REENTRY_ABSORB_SELL,SELL,0.04,2025-02-21T01:45:00+00:00,2928.671,2932.9342263861954,2919.0,2025-02-21T02:00:00+00:00,2933.0842263861955,SL,-17.652905544782698
D,VP_ASIA_VA_REENTRY_TRAP_BUY,BUY,0.04,2025-02-24T00:00:00+00:00,2936.772,2933.625706550956,2947.0,2025-02-24T00:45:00+00:00,2933.4757065509557,SL,-13.185173796176969
D,VP_ASIA_VA_REENTRY_TRAP_SELL,SELL,0.04,2025-02-25T01:30:00+00:00,2947.24,2950.201976447126,2930.0,2025-02-25T02:00:00+00:00,2950.351976447126,SL,-12.447905788505523
D,VP_ASIA_VA_REENTRY_TRAP_SELL,SELL,0.04,2025-02-26T01:45:00+00:00,2917.612,2917.173552319565,2910.0,2025-02-26T02:15:00+00:00,2917.323552319565,SL,5.500895360870345
D,VP_ASIA_VA_REENTRY_TRAP_SELL,SELL,0.04,2025-02-27T04:15:00+00:00,2903.688,2903.3359863423593,2877.0,2025-02-27T09:00:00+00:00,2877.15,TP2,76.15200000000004
D,VP_ASIA_VA_REENTRY_ABSORB_SELL,SELL,0.04,2025-02-28T03:15:00+00:00,2868.355,2867.939577266742,2851.0,2025-02-28T13:45:00+00:00,2851.15,TP2,42.81999999999971
D,VP_ASIA_VA_REENTRY_TRAP_SELL,SELL,0.04,2025-03-03T00:15:00+00:00,2869.431,2868.949957339898,2863.0,2025-03-03T00:45:00+00:00,2869.099957339898,SL,3.2240853202038124
D,VP_ASIA_VA_REENTRY_TRAP_SELL,SELL,0.04,2025-03-04T07:30:00+00:00,2898.362,2902.270669493554,2882.0,2025-03-04T08:00:00+00:00,2902.420669493554,SL,-16.234677974216538
D,VP_ASIA_VA_REENTRY_ABSORB_BUY,BUY,0.04,2025-03-05T01:15:00+00:00,2910.731,2906.8345290332986,2921.0,2025-03-05T01:45:00+00:00,2906.6845290332985,SL,-16.185883866806762
D,VP_ASIA_VA_REENTRY_TRAP_SELL,SELL,0.04,2025-03-06T03:00:00+00:00,2923.145,2922.883501859948,2907.0,2025-03-06T06:45:00+00:00,2923.033501859948,SL,12.212996280103653
D,VP_ASIA_VA_REENTRY_TRAP_SELL,SELL,0.04,2025-03-06T23:00:00+00:00,2910.844,2910.4399518398404,2902.0,2025-03-07T00:15:00+00:00,2902.15,TP2,28.77599999999984
D,VP_ASIA_VA_REENTRY_TRAP_SELL,SELL,0.04,2025-03-10T00:15:00+00:00,2914.639,2917.887125936816,2908.0,2025-03-10T01:00:00+00:00,2918.037125936816,SL,-13.592503747264345
D,VP_ASIA_VA_REENTRY_TRAP_BUY,BUY,0.04,2025-03-11T00:00:00+00:00,2887.1800000000003,2883.5192859420054,2902.0,2025-03-11T01:00:00+00:00,2883.3692859420053,SL,-15.242856231980113
D,VP_ASIA_VA_REENTRY_TRAP_SELL,SELL,0.04,2025-03-11T23:30:00+00:00,2916.643,2916.394698141759,2912.0,2025-03-12T01:00:00+00:00,2912.15,TP2,13.971999999999753
D,VP_ASIA_VA_REENTRY_TRAP_BUY,BUY,0.04,2025-03-12T23:15:00+00:00,2935.3940000000002,2935.6755258167323,2943.0,2025-03-13T02:45:00+00:00,2942.85,TP2,19.823999999998705
D,VP_ASIA_VA_REENTRY_TRAP_SELL,SELL,0.04,2025-03-13T23:45:00+00:00,2986.285,2985.9539903475898,2982.0,2025-03-14T00:15:00+00:00,2986.10399034759,SL,0.6320193048195506
D,VP_ASIA_VA_REENTRY_TRAP_SELL,SELL,0.04,2025-03-16T23:45:00+00:00,2989.911,2989.600499467716,2985.0,2025-03-17T00:30:00+00:00,2989.750499467716,SL,3.843001064567943
D,VP_ASIA_VA_REENTRY_TRAP_BUY,BUY,0.04,2025-03-18T02:30:00+00:00,3007.29,3007.5625163823966,3027.0,2025-03-18T05:15:00+00:00,3007.4125163823965,SL,7.365032764792886
D,VP_ASIA_VA_REENTRY_TRAP_BUY,BUY,0.04,2025-03-19T01:45:00+00:00,3029.52,3029.7514319816023,3038.0,2025-03-19T03:45:00+00:00,3037.85,TP2,29.31999999999971
D,VP_ASIA_VA_REENTRY_TRAP_SELL,SELL,0.04,2025-03-20T00:30:00+00:00,3052.683,3056.12698694007,3045.0,2025-03-20T01:15:00+00:00,3056.27698694007,SL,-14.375947760279814
D,VP_ASIA_VA_REENTRY_TRAP_SELL,SELL,0.04,2025-03-21T02:30:00+00:00,3034.319,3034.0823084957337,3027.0,2025-03-21T05:15:00+00:00,3027.15,TP2,20.675999999999476
D,VP_ASIA_VA_REENTRY_TRAP_SELL,SELL,0.04,2025-03-23T23:00:00+00:00,3024.763,3024.5142319340657,3018.0,2025-03-24T00:45:00+00:00,3018.15,TP2,18.451999999999316
D,VP_ASIA_VA_REENTRY_TRAP_BUY,BUY,0.04,2025-03-25T00:00:00+00:00,3011.38,3008.6577188232586,3018.0,2025-03-25T02:45:00+00:00,3008.5077188232585,SL,-11.489124706966322
D,VP_ASIA_VA_REENTRY_ABSORB_BUY,BUY,0.04,2025-03-26T01:00:00+00:00,3018.797,3018.990023880016,3025.0,2025-03-26T01:30:00+00:00,3018.840023880016,SL,-1.807952239968472
D,VP_ASIA_VA_REENTRY_TRAP_BUY,BUY,0.04,2025-03-27T01:15:00+00:00,3027.0930000000003,3024.48593817942,3036.0,2025-03-27T01:30:00+00:00,3024.33593817942,SL,-11.0282472823219
D,VP_ASIA_VA_REENTRY_TRAP_BUY,BUY,0.04,2025-03-28T00:15:00+00:00,3062.234,3062.5393226777355,3077.0,2025-03-28T02:00:00+00:00,3076.85,TP2,50.46399999999994
D,VP_ASIA_VA_REENTRY_ABSORB_BUY,BUY,0.04,2025-03-31T02:30:00+00:00,3104.207,3104.7771478408417,3126.0,2025-03-31T08:00:00+00:00,3125.85,TP2,78.57200000000012
D,VP_ASIA_VA_REENTRY_ABSORB_BUY,BUY,0.04,2025-04-01T01:00:00+00:00,3133.03,3133.3667745112107,3144.0,2025-04-01T01:30:00+00:00,3133.2167745112106,SL,-1.986450977579807
D,VP_ASIA_VA_REENTRY_TRAP_BUY,BUY,0.04,2025-04-02T00:15:00+00:00,3121.683,3122.0990404026566,3133.0,2025-04-02T01:15:00+00:00,3132.85,TP2,42.667999999999665
D,VP_ASIA_VA_REENTRY_ABSORB_SELL,SELL,0.04,2025-04-03T00:15:00+00:00,3148.002,3157.684571749263,3105.0,2025-04-03T01:30:00+00:00,3157.834571749263,SL,-39.3302869970521
D,VP_ASIA_VA_REENTRY_TRAP_SELL,SELL,0.04,2025-04-04T02:15:00+00:00,3104.658,3104.0775916842144,3087.0,2025-04-04T03:00:00+00:00,3087.15,TP2,48.03199999999924
D,VP_ASIA_VA_REENTRY_TRAP_BUY,BUY,0.04,2025-04-06T23:45:00+00:00,3000.094,2987.451379265414,3042.0,2025-04-07T00:00:00+00:00,2987.3013792654137,SL,-51.17048293834523
D,VP_ASIA_VA_REENTRY_ABSORB_BUY,BUY,0.04,2025-04-08T01:00:00+00:00,2995.568,2996.321568609953,3009.0,2025-04-08T01:30:00+00:00,2996.171568609953,SL,1.771137219904631
D,VP_ASIA_VA_REENTRY_ABSORB_BUY,BUY,0.04,2025-04-09T01:45:00+00:00,3008.9210000000003,3000.131477551315,3051.0,2025-04-09T02:15:00+00:00,2999.981477551315,SL,-35.758089794740954
D,VP_ASIA_VA_REENTRY_ABSORB_BUY,BUY,0.04,2025-04-10T02:00:00+00:00,3105.445,3106.48237380089,3131.0,2025-04-10T03:15:00+00:00,3130.85,TP2,61.61999999999898
D,VP_ASIA_VA_REENTRY_ABSORB_BUY,BUY,0.04,2025-04-11T00:30:00+00:00,3212.766,3204.6860175389083,3220.0,2025-04-11T00:45:00+00:00,3204.5360175389083,SL,-32.91992984436729
D,VP_ASIA_VA_REENTRY_TRAP_BUY,BUY,0.04,2025-04-13T23:45:00+00:00,3223.8830000000003,3217.2647924154853,3234.0,2025-04-14T01:00:00+00:00,3217.114792415485,SL,-27.072830338060157
D,VP_ASIA_VA_REENTRY_ABSORB_BUY,BUY,0.04,2025-04-15T01:15:00+00:00,3223.26,3219.0098392357263,3229.0,2025-04-15T01:30:00+00:00,3218.859839235726,SL,-17.600643057096022
D,VP_ASIA_VA_REENTRY_TRAP_BUY,BUY,0.04,2025-04-15T23:00:00+00:00,3241.803,3242.3532418617997,3294.0,2025-04-16T06:30:00+00:00,3293.85,TP2,164.1880000000001
D,VP_ASIA_VA_REENTRY_ABSORB_SELL,SELL,0.04,2025-04-17T01:45:00+00:00,3323.7619999999997,3332.013837581917,3317.0,2025-04-17T02:00:00+00:00,3332.163837581917,SL,-33.60735032766934
D,VP_ASIA_VA_REENTRY_ABSORB_BUY,BUY,0.04,2025-04-21T01:00:00+00:00,3373.802,3374.515189329047,3393.0,2025-04-21T04:00:00+00:00,3374.365189329047,SL,17.222378658093476
D,VP_ASIA_VA_REENTRY_ABSORB_BUY,BUY,0.04,2025-04-22T01:30:00+00:00,3450.641,3451.5830025274345,3495.0,2025-04-22T05:45:00+00:00,3494.85,TP2,150.83599999999933
D,VP_ASIA_VA_REENTRY_TRAP_SELL,SELL,0.04,2025-04-22T23:15:00+00:00,3339.544,3338.1573196732606,3293.0,2025-04-22T23:45:00+00:00,3338.3073196732607,SL,5.261360653477823
D,VP_ASIA_VA_REENTRY_TRAP_BUY,BUY,0.04,2025-04-24T00:00:00+00:00,3321.5350000000003,3322.352367259756,3344.0,2025-04-24T01:00:00+00:00,3343.85,TP2,63.2599999999984
D,VP_ASIA_VA_REENTRY_TRAP_SELL,SELL,0.04,2025-04-24T23:00:00+00:00,3361.594,3360.924210244728,3303.0,2025-04-25T00:15:00+00:00,3361.074210244728,SL,19.927579510544092
D,VP_ASIA_VA_REENTRY_ABSORB_SELL,SELL,0.04,2025-04-28T01:15:00+00:00,3290.9539999999997,3290.0945704134756,3273.0,2025-04-28T01:45:00+00:00,3290.2445704134757,SL,19.02685917304734
D,VP_ASIA_VA_REENTRY_ABSORB_SELL,SELL,0.04,2025-04-29T01:00:00+00:00,3328.591,3334.6202364255732,3306.0,2025-04-29T01:30:00+00:00,3334.7702364255733,SL,-24.716945702293742
D,VP_ASIA_VA_REENTRY_TRAP_SELL,SELL,0.04,2025-04-30T00:15:00+00:00,3319.2439999999997,3318.6303167097944,3302.0,2025-04-30T04:15:00+00:00,3302.15,TP2,56.375999999998385
D,VP_ASIA_VA_REENTRY_ABSORB_SELL,SELL,0.04,2025-05-01T00:30:00+00:00,3247.895,3246.9849521733195,3228.0,2025-05-01T04:00:00+00:00,3228.15,TP2,74.97999999999956
D,VP_ASIA_VA_REENTRY_TRAP_BUY,BUY,0.04,2025-05-02T00:15:00+00:00,3243.559,3237.896346889159,3265.0,2025-05-02T00:45:00+00:00,3237.7463468891588,SL,-23.250612443365753
D,VP_ASIA_VA_REENTRY_TRAP_BUY,BUY,0.04,2025-05-04T23:30:00+00:00,3249.6330000000003,3244.024774463791,3272.0,2025-05-05T00:30:00+00:00,3243.874774463791,SL,-23.032902144837863
D,VP_ASIA_VA_REENTRY_ABSORB_BUY,BUY,0.04,2025-05-06T01:00:00+00:00,3362.39,3363.141222149661,3378.0,2025-05-06T01:30:00+00:00,3362.991222149661,SL,-5.877555700677476
D,VP_ASIA_VA_REENTRY_TRAP_SELL,SELL,0.04,2025-05-06T23:15:00+00:00,3392.939,3403.7931022477756,3375.0,2025-05-06T23:45:00+00:00,3403.9431022477756,SL,-44.01640899110316
D,VP_ASIA_VA_REENTRY_TRAP_SELL,SELL,0.04,2025-05-08T01:15:00+00:00,3387.882,3395.321899013628,3322.0,2025-05-08T01:30:00+00:00,3395.471899013628,SL,-30.359596054511712
D,VP_ASIA_VA_REENTRY_ABSORB_BUY,BUY,0.04,2025-05-09T02:45:00+00:00,3308.414,3309.2798340712484,3329.0,2025-05-09T05:00:00+00:00,3328.85,TP2,73.74399999999878
D,VP_ASIA_VA_REENTRY_TRAP_SELL,SELL,0.04,2025-05-11T23:30:00+00:00,3280.011,3288.8140047478105,3231.0,2025-05-11T23:45:00+00:00,3288.9640047478106,SL,-35.81201899124244
D,VP_ASIA_VA_REENTRY_TRAP_BUY,BUY,0.04,2025-05-12T23:15:00+00:00,3235.8810000000003,3230.897998845792,3264.0,2025-05-13T01:15:00+00:00,3230.7479988457917,SL,-20.532004616834456
D,VP_ASIA_VA_REENTRY_TRAP_SELL,SELL,0.04,2025-05-14T02:15:00+00:00,3235.156,3234.5597333331966,3224.0,2025-05-14T02:45:00+00:00,3234.7097333331967,SL,6.904533333606196
D,VP_ASIA_VA_REENTRY_ABSORB_SELL,SELL,0.04,2025-05-15T02:15:00+00:00,3163.74,3163.0597469361765,3121.0,2025-05-15T06:00:00+00:00,3121.15,TP2,112.35999999999876
D,VP_ASIA_VA_REENTRY_ABSORB_SELL,SELL,0.04,2025-05-16T01:15:00+00:00,3223.31,3222.5823790787704,3204.0,2025-05-16T06:00:00+00:00,3222.7323790787705,SL,27.475241842458672
D,VP_ASIA_VA_REENTRY_ABSORB_SELL,SELL,0.04,2025-05-18T23:30:00+00:00,3232.2,3240.0840928498847,3216.0,2025-05-19T00:00:00+00:00,3240.2340928498847,SL,-32.13637139953971
D,VP_ASIA_VA_REENTRY_TRAP_SELL,SELL,0.04,2025-05-19T23:00:00+00:00,3220.998,3225.1329401944517,3209.0,2025-05-20T01:00:00+00:00,3225.282940194452,SL,-17.13976077780717
D,VP_ASIA_VA_REENTRY_TRAP_BUY,BUY,0.04,2025-05-21T00:30:00+00:00,3302.257,3302.854350031585,3319.0,2025-05-21T01:15:00+00:00,3302.704350031585,SL,12.080700063169388
D,VP_ASIA_VA_REENTRY_TRAP_BUY,BUY,0.04,2025-05-21T23:15:00+00:00,3322.629,3317.650813542124,3343.0,2025-05-21T23:45:00+00:00,3317.500813542124,SL,-20.512745831503707
D,VP_ASIA_VA_REENTRY_TRAP_BUY,BUY,0.04,2025-05-23T00:15:00+00:00,3303.384,3298.654603085762,3333.0,2025-05-23T00:45:00+00:00,3298.504603085762,SL,-19.517587656951946
D,VP_ASIA_VA_REENTRY_TRAP_SELL,SELL,0.04,2025-05-25T23:00:00+00:00,3348.493,3347.9258774424566,3335.0,2025-05-25T23:30:00+00:00,3348.0758774424567,SL,1.5202451150862544
D,VP_ASIA_VA_REENTRY_TRAP_SELL,SELL,0.04,2025-05-27T01:30:00+00:00,3331.9359999999997,3336.1577262552737,3291.0,2025-05-27T02:00:00+00:00,3336.307726255274,SL,-17.48690502109639
D,VP_ASIA_VA_REENTRY_TRAP_SELL,SELL,0.04,2025-05-28T00:45:00+00:00,3308.3379999999997,3307.936405218781,3295.0,2025-05-28T01:15:00+00:00,3308.0864052187812,SL,4.879189562436295
D,VP_ASIA_VA_REENTRY_ABSORB_SELL,SELL,0.04,2025-05-28T23:00:00+00:00,3270.355,3269.6499732107413,3254.0,2025-05-28T23:30:00+00:00,3254.15,TP2,32.81999999999971
D,VP_ASIA_VA_REENTRY_ABSORB_SELL,SELL,0.04,2025-05-30T02:15:00+00:00,3301.844,3301.341457714442,3291.0,2025-05-30T03:00:00+00:00,3301.4914577144423,SL,12.093084571115469
D,VP_ASIA_VA_REENTRY_TRAP_SELL,SELL,0.04,2025-06-02T10:30:00+00:00,3345.037,3350.1867546580543,3301.0,2025-06-02T10:45:00+00:00,3350.3367546580544,SL,-21.199018632218213
D,VP_ASIA_VA_REENTRY_ABSORB_SELL,SELL,0.04,2025-06-03T01:00:00+00:00,3367.464,3372.453860187041,3354.0,2025-06-03T01:30:00+00:00,3372.603860187041,SL,-20.55944074816398
D,VP_ASIA_VA_REENTRY_ABSORB_BUY,BUY,0.04,2025-06-04T01:00:00+00:00,3358.263,3358.726179532044,3363.0,2025-06-04T01:30:00+00:00,3362.85,TP2,10.347999999999956
D,VP_ASIA_VA_REENTRY_TRAP_SELL,SELL,0.04,2025-06-05T00:30:00+00:00,3375.558,3379.7005857484496,3366.0,2025-06-05T00:45:00+00:00,3379.8505857484497,SL,-17.17034299379884
D,VP_ASIA_VA_REENTRY_TRAP_BUY,BUY,0.04,2025-06-05T23:45:00+00:00,3361.96,3362.391814669588,3365.0,2025-06-06T00:15:00+00:00,3362.2418146695877,SL,2.343629339175095
D,VP_ASIA_VA_REENTRY_ABSORB_BUY,BUY,0.04,2025-06-09T00:45:00+00:00,3305.646,3306.2364511274845,3320.0,2025-06-09T01:15:00+00:00,3306.0864511274845,SL,1.2889022549679794
D,VP_ASIA_VA_REENTRY_TRAP_BUY,BUY,0.04,2025-06-10T02:45:00+00:00,3309.4500000000003,3304.4539862470847,3331.0,2025-06-10T04:15:00+00:00,3304.3039862470846,SL,-20.584055011662713
D,VP_ASIA_VA_REENTRY_ABSORB_BUY,BUY,0.04,2025-06-11T00:15:00+00:00,3331.194,3331.6575699492446,3341.0,2025-06-11T03:30:00+00:00,3340.85,TP2,32.623999999999796
D,VP_ASIA_VA_REENTRY_TRAP_BUY,BUY,0.04,2025-06-11T23:45:00+00:00,3365.5260000000003,3366.1504625611806,3375.0,2025-06-12T01:30:00+00:00,3374.85,TP2,35.29599999999846
D,VP_ASIA_VA_REENTRY_ABSORB_BUY,BUY,0.04,2025-06-13T00:15:00+00:00,3413.786,3407.8565968229013,3430.0,2025-06-13T00:30:00+00:00,3407.7065968229012,SL,-24.317612708395245
D,VP_ASIA_VA_REENTRY_ABSORB_SELL,SELL,0.04,2025-06-16T00:45:00+00:00,3435.961,3442.337423319348,3410.0,2025-06-16T01:15:00+00:00,3442.487423319348,SL,-26.105693277393584
D,VP_ASIA_VA_REENTRY_TRAP_SELL,SELL,0.04,2025-06-16T23:00:00+00:00,3394.73,3399.0225523000645,3380.0,2025-06-16T23:30:00+00:00,3399.1725523000646,SL,-17.77020920025825
D,VP_ASIA_VA_REENTRY_TRAP_SELL,SELL,0.04,2025-06-17T23:30:00+00:00,3385.323,3384.918770588839,3379.0,2025-06-18T00:15:00+00:00,3385.068770588839,SL,2.8544588223212486
D,VP_ASIA_VA_REENTRY_TRAP_SELL,SELL,0.04,2025-06-19T01:15:00+00:00,3380.182,3379.6857791982143,3363.0,2025-06-19T05:45:00+00:00,3363.15,TP2,48.12799999999879
D,VP_ASIA_VA_REENTRY_TRAP_SELL,SELL,0.04,2025-06-20T01:45:00+00:00,3356.366,3355.8898222800353,3344.0,2025-06-20T02:15:00+00:00,3356.0398222800354,SL,1.0843554399289133
D,VP_ASIA_VA_REENTRY_TRAP_SELL,SELL,0.04,2025-06-23T00:15:00+00:00,3362.688,3362.1354262340296,3355.0,2025-06-23T00:45:00+00:00,3362.2854262340297,SL,-0.11885246805923089
D,VP_ASIA_VA_REENTRY_TRAP_SELL,SELL,0.04,2025-06-23T23:00:00+00:00,3354.1189999999997,3353.522053311149,3326.0,2025-06-24T00:45:00+00:00,3353.6720533111493,SL,10.831893377699998
D,VP_ASIA_VA_REENTRY_TRAP_BUY,BUY,0.04,2025-06-25T00:00:00+00:00,3326.7180000000003,3327.023843024333,3332.0,2025-06-25T00:45:00+00:00,3326.873843024333,SL,4.5756860486644655
D,VP_ASIA_VA_REENTRY_TRAP_BUY,BUY,0.04,2025-06-26T01:30:00+00:00,3331.6820000000002,3332.036748774546,3340.0,2025-06-26T02:30:00+00:00,3339.85,TP2,20.67199999999866
D,VP_ASIA_VA_REENTRY_ABSORB_SELL,SELL,0.04,2025-06-27T03:15:00+00:00,3302.313,3301.796901858623,3282.0,2025-06-27T08:15:00+00:00,3282.15,TP2,70.65200000000004
D,VP_ASIA_VA_REENTRY_ABSORB_BUY,BUY,0.04,2025-06-30T01:15:00+00:00,3275.284,3275.8771912420875,3296.0,2025-06-30T07:15:00+00:00,3295.85,TP2,50.263999999999214
D,VP_ASIA_VA_REENTRY_TRAP_SELL,SELL,0.04,2025-07-01T23:00:00+00:00,3339.0229999999997,3338.721625862814,3333.0,2025-07-01T23:30:00+00:00,3338.871625862814,SL,-1.9512517256298452
D,VP_ASIA_VA_REENTRY_ABSORB_SELL,SELL,0.04,2025-07-02T23:15:00+00:00,3350.4159999999997,3350.0557996581515,3344.0,2025-07-03T00:45:00+00:00,3344.15,TP2,19.063999999998487
D,VP_ASIA_VA_REENTRY_TRAP_BUY,BUY,0.04,2025-07-03T23:30:00+00:00,3331.966,3329.1948866440275,3344.0,2025-07-04T00:00:00+00:00,3329.0448866440274,SL,-11.684453423889863
D,VP_ASIA_VA_REENTRY_ABSORB_SELL,SELL,0.04,2025-07-07T01:00:00+00:00,3310.861,3310.404939895841,3306.0,2025-07-07T01:30:00+00:00,3310.554939895841,SL,2.0341202083172902
D,VP_ASIA_VA_REENTRY_TRAP_SELL,SELL,0.04,2025-07-07T23:15:00+00:00,3336.127,3335.7791424106813,3330.0,2025-07-08T00:00:00+00:00,3335.9291424106814,SL,4.34971517863687
D,VP_ASIA_VA_REENTRY_TRAP_SELL,SELL,0.04,2025-07-09T02:30:00+00:00,3294.265,3293.8235744167678,3284.0,2025-07-09T03:15:00+00:00,3293.973574416768,SL,6.812851166463588
D,VP_ASIA_VA_REENTRY_TRAP_BUY,BUY,0.04,2025-07-09T23:00:00+00:00,3317.791,3318.0834875337023,3325.0,2025-07-10T00:45:00+00:00,3317.933487533702,SL,8.402975067403531
D,VP_ASIA_VA_REENTRY_ABSORB_BUY,BUY,0.04,2025-07-11T00:30:00+00:00,3336.039,3332.8658210023073,3340.0,2025-07-11T00:45:00+00:00,3332.715821002307,SL,-13.292715990772194
D,VP_ASIA_VA_REENTRY_TRAP_BUY,BUY,0.04,2025-07-14T02:15:00+00:00,3359.235,3354.6194060588296,3374.0,2025-07-14T02:30:00+00:00,3354.4694060588295,SL,-19.062375764682656
D,VP_ASIA_VA_REENTRY_TRAP_BUY,BUY,0.04,2025-07-15T03:00:00+00:00,3354.275,3354.5445611126975,3365.0,2025-07-15T05:45:00+00:00,3364.85,TP2,36.29999999999927
D,VP_ASIA_VA_REENTRY_TRAP_BUY,BUY,0.04,2025-07-15T23:45:00+00:00,3331.206,3328.1792025997947,3342.0,2025-07-16T02:00:00+00:00,3328.0292025997946,SL,-12.707189600821948
D,VP_ASIA_VA_REENTRY_TRAP_SELL,SELL,0.04,2025-07-17T00:00:00+00:00,3343.985,3343.6278469222834,3330.0,2025-07-17T01:45:00+00:00,3343.7778469222835,SL,8.084306155433296
D,VP_ASIA_VA_REENTRY_ABSORB_BUY,BUY,0.04,2025-07-18T06:00:00+00:00,3337.148,3337.4420156023816,3344.0,2025-07-18T07:00:00+00:00,3343.85,TP2,16.807999999999083
D,VP_ASIA_VA_REENTRY_ABSORB_BUY,BUY,0.04,2025-07-21T01:00:00+00:00,3357.112,3354.2994209914905,3370.0,2025-07-21T02:00:00+00:00,3354.1494209914904,SL,-11.85031603403877
D,VP_ASIA_VA_REENTRY_ABSORB_SELL,SELL,0.04,2025-07-22T00:00:00+00:00,3391.423,3394.638422660139,3385.0,2025-07-22T00:15:00+00:00,3394.788422660139,SL,-13.461690640557208
D,VP_ASIA_VA_REENTRY_TRAP_SELL,SELL,0.04,2025-07-22T23:45:00+00:00,3427.308,3430.4821068525666,3421.0,2025-07-23T00:00:00+00:00,3430.6321068525667,SL,-13.296427410266915
D,VP_ASIA_VA_REENTRY_TRAP_SELL,SELL,0.04,2025-07-23T23:15:00+00:00,3390.245,3389.7806731641217,3375.0,2025-07-24T05:30:00+00:00,3375.15,TP2,60.3799999999992
D,VP_ASIA_VA_REENTRY_TRAP_SELL,SELL,0.04,2025-07-24T23:15:00+00:00,3367.949,3370.8414420116815,3353.0,2025-07-25T00:15:00+00:00,3370.9914420116816,SL,-12.169768046725949
D,VP_ASIA_VA_REENTRY_ABSORB_BUY,BUY,0.04,2025-07-27T23:00:00+00:00,3335.467,3335.843857545402,3340.0,2025-07-27T23:30:00+00:00,3335.693857545402,SL,3.21971509080322
D,VP_ASIA_VA_REENTRY_TRAP_BUY,BUY,0.04,2025-07-29T00:45:00+00:00,3311.75,3312.104590701109,3320.0,2025-07-29T01:45:00+00:00,3319.85,TP2,28.399999999999636
D,VP_ASIA_VA_REENTRY_TRAP_BUY,BUY,0.04,2025-07-29T23:45:00+00:00,3327.681,3327.9302815080455,3331.0,2025-07-30T00:45:00+00:00,3330.85,TP2,8.675999999999476
D,VP_ASIA_VA_REENTRY_TRAP_BUY,BUY,0.04,2025-07-31T01:45:00+00:00,3293.936,3294.379696948546,3312.0,2025-07-31T02:15:00+00:00,3294.229696948546,SL,2.415393897091235
D,VP_ASIA_VA_REENTRY_TRAP_SELL,SELL,0.04,2025-07-31T23:00:00+00:00,3290.446,3290.1308166528434,3288.0,2025-07-31T23:30:00+00:00,3290.2808166528434,SL,-1.0776333056874137
D,VP_ASIA_VA_REENTRY_ABSORB_SELL,SELL,0.04,2025-08-04T00:00:00+00:00,3356.081,3355.6999939295515,3354.0,2025-08-04T00:30:00+00:00,3354.15,TP2,-0.27599999999983993
D,VP_ASIA_VA_REENTRY_ABSORB_SELL,SELL,0.04,2025-08-05T01:00:00+00:00,3379.5589999999997,3382.195601569272,3369.0,2025-08-05T01:30:00+00:00,3382.3456015692723,SL,-11.146406277090136
D,VP_ASIA_VA_REENTRY_ABSORB_SELL,SELL,0.04,2025-08-06T01:00:00+00:00,3377.917,3380.8170751303373,3369.0,2025-08-06T01:30:00+00:00,3380.9670751303374,SL,-12.200300521350073
D,VP_ASIA_VA_REENTRY_TRAP_BUY,BUY,0.04,2025-08-07T00:15:00+00:00,3372.4120000000003,3372.7384214967788,3382.0,2025-08-07T01:30:00+00:00,3381.85,TP2,29.75199999999859
D,VP_ASIA_VA_REENTRY_TRAP_SELL,SELL,0.04,2025-08-07T23:00:00+00:00,3399.576,3398.939891800885,3390.0,2025-08-07T23:30:00+00:00,3399.089891800885,SL,-0.17578360177049035
D,VP_ASIA_VA_REENTRY_ABSORB_SELL,SELL,0.04,2025-08-11T01:00:00+00:00,3372.745,3372.1696425696655,3360.0,2025-08-11T01:30:00+00:00,3372.3196425696656,SL,-7.959285139331769
D,VP_ASIA_VA_REENTRY_TRAP_BUY,BUY,0.04,2025-08-11T23:00:00+00:00,3347.698,3348.0486448766014,3354.0,2025-08-12T00:30:00+00:00,3353.85,TP2,18.608000000000175
D,VP_ASIA_VA_REENTRY_TRAP_BUY,BUY,0.04,2025-08-13T01:00:00+00:00,3348.582,3345.2346479462494,3355.0,2025-08-13T01:15:00+00:00,3345.0846479462493,SL,-13.989408215002186
D,VP_ASIA_VA_REENTRY_TRAP_SELL,SELL,0.04,2025-08-14T01:15:00+00:00,3365.9,3369.195115365293,3355.0,2025-08-14T01:45:00+00:00,3369.345115365293,SL,-13.780461461172308
D,VP_ASIA_VA_REENTRY_ABSORB_BUY,BUY,0.04,2025-08-15T01:30:00+00:00,3338.676,3338.9288539624877,3345.0,2025-08-15T04:00:00+00:00,3344.85,TP2,16.695999999999913
D,VP_ASIA_VA_REENTRY_ABSORB_BUY,BUY,0.04,2025-08-18T00:15:00+00:00,3340.28,3340.594158025958,3350.0,2025-08-18T03:45:00+00:00,3349.85,TP2,34.279999999998836
D,VP_ASIA_VA_REENTRY_ABSORB_BUY,BUY,0.04,2025-08-19T00:00:00+00:00,3336.356,3336.622711642884,3339.0,2025-08-19T00:30:00+00:00,3336.472711642884,SL,1.2214232857668321
D,VP_ASIA_VA_REENTRY_ABSORB_BUY,BUY,0.04,2025-08-20T01:30:00+00:00,3317.246,3317.5298939632466,3323.0,2025-08-20T02:00:00+00:00,3317.3798939632466,SL,-6.524212073507442
D,VP_ASIA_VA_REENTRY_TRAP_SELL,SELL,0.04,2025-08-21T00:45:00+00:00,3342.1569999999997,3344.510703863696,3337.0,2025-08-21T01:15:00+00:00,3344.660703863696,SL,-10.014815454786003
D,VP_ASIA_VA_REENTRY_TRAP_SELL,SELL,0.04,2025-08-22T02:30:00+00:00,3333.734,3333.5193411191003,3326.0,2025-08-22T06:45:00+00:00,3326.15,TP2,24.33599999999933
D,VP_ASIA_VA_REENTRY_TRAP_SELL,SELL,0.04,2025-08-24T23:00:00+00:00,3367.507,3370.431139716274,3364.0,2025-08-24T23:45:00+00:00,3370.5811397162743,SL,-12.296558865096813
D,VP_ASIA_VA_REENTRY_ABSORB_BUY,BUY,0.04,2025-08-26T00:15:00+00:00,3377.668,3378.106308544679,3378.0,2025-08-26T00:45:00+00:00,3377.85,TP2,-1.272000000000844
D,VP_ASIA_VA_REENTRY_TRAP_SELL,SELL,0.04,2025-08-27T01:15:00+00:00,3384.639,3387.2863405235985,3376.0,2025-08-27T01:45:00+00:00,3387.4363405235986,SL,-11.1893620943938
D,VP_ASIA_VA_REENTRY_TRAP_SELL,SELL,0.04,2025-08-28T00:00:00+00:00,3394.515,3397.0948393990466,3385.0,2025-08-28T00:15:00+00:00,3397.2448393990467,SL,-10.919357596187183
D,VP_ASIA_VA_REENTRY_ABSORB_SELL,SELL,0.04,2025-08-29T01:00:00+00:00,3411.765,3411.5330502106235,3407.0,2025-08-29T02:00:00+00:00,3411.6830502106236,SL,1.393899578752098
D,VP_ASIA_VA_REENTRY_ABSORB_BUY,BUY,0.04,2025-09-01T02:15:00+00:00,3466.507,3467.142294442529,3485.0,2025-09-01T03:00:00+00:00,3484.85,TP2,51.37199999999939
D,VP_ASIA_VA_REENTRY_TRAP_BUY,BUY,0.04,2025-09-01T23:30:00+00:00,3479.223,3479.6607054426895,3498.0,2025-09-02T01:30:00+00:00,3497.85,TP2,66.50799999999981
D,VP_ASIA_VA_REENTRY_ABSORB_BUY,BUY,0.04,2025-09-03T00:15:00+00:00,3537.288,3537.7879911893374,3540.0,2025-09-03T00:45:00+00:00,3537.6379911893373,SL,-0.17601762132562726
D,VP_ASIA_VA_REENTRY_TRAP_SELL,SELL,0.04,2025-09-04T01:45:00+00:00,3546.052,3545.415962088214,3526.0,2025-09-04T03:00:00+00:00,3526.15,TP2,73.60800000000017
D,VP_ASIA_VA_REENTRY_TRAP_BUY,BUY,0.04,2025-09-04T23:30:00+00:00,3551.049,3551.4382608108717,3554.0,2025-09-05T00:00:00+00:00,3551.2882608108716,SL,2.0805216217431735
D,VP_ASIA_VA_REENTRY_TRAP_BUY,BUY,0.04,2025-09-08T04:15:00+00:00,3583.591,3584.0171492335594,3598.0,2025-09-08T06:45:00+00:00,3597.85,TP2,39.03600000000006
D,VP_ASIA_VA_REENTRY_TRAP_BUY,BUY,0.04,2025-09-09T00:00:00+00:00,3637.246,3637.643834098823,3652.0,2025-09-09T02:00:00+00:00,3651.85,TP2,46.41599999999926
D,VP_ASIA_VA_REENTRY_TRAP_BUY,BUY,0.04,2025-09-10T00:00:00+00:00,3630.626,3625.574316463681,3647.0,2025-09-10T00:30:00+00:00,3625.424316463681,SL,-20.806734145277005
D,VP_ASIA_VA_REENTRY_TRAP_SELL,SELL,0.04,2025-09-11T02:30:00+00:00,3635.89,3635.534694446119,3618.0,2025-09-11T06:30:00+00:00,3635.684694446119,SL,17.890611107761288
D,VP_ASIA_VA_REENTRY_ABSORB_BUY,BUY,0.04,2025-09-12T01:30:00+00:00,3645.989,3646.3464272585443,3654.0,2025-09-12T02:00:00+00:00,3646.196427258544,SL,-3.863145482911932
D,VP_ASIA_VA_REENTRY_TRAP_BUY,BUY,0.04,2025-09-15T02:00:00+00:00,3640.781,3641.1758362056207,3645.0,2025-09-15T02:30:00+00:00,3644.85,TP2,10.27599999999984
D,VP_ASIA_VA_REENTRY_ABSORB_SELL,SELL,0.04,2025-09-16T01:00:00+00:00,3680.064,3679.701912176538,3676.0,2025-09-16T01:30:00+00:00,3679.851912176538,SL,-1.747824353076794
D,VP_ASIA_VA_REENTRY_ABSORB_SELL,SELL,0.04,2025-09-17T01:30:00+00:00,3677.562,3680.8286601947484,3666.0,2025-09-17T01:45:00+00:00,3680.9786601947485,SL,-13.666640778994406
D,VP_ASIA_VA_REENTRY_TRAP_SELL,SELL,0.04,2025-09-17T23:30:00+00:00,3669.504,3668.8327036597866,3652.0,2025-09-18T01:30:00+00:00,3652.15,TP2,49.41599999999926
D,VP_ASIA_VA_REENTRY_ABSORB_BUY,BUY,0.04,2025-09-19T01:00:00+00:00,3648.476,3648.830679675297,3658.0,2025-09-19T01:30:00+00:00,3648.6806796752967,SL,-4.842640649407258
D,VP_ASIA_VA_REENTRY_TRAP_BUY,BUY,0.04,2025-09-21T23:00:00+00:00,3687.108,3687.4414008316644,3713.0,2025-09-21T23:30:00+00:00,3687.2914008316643,SL,3.8508016633277293
D,VP_ASIA_VA_REENTRY_TRAP_BUY,BUY,0.04,2025-09-22T23:00:00+00:00,3742.585,3742.984400785798,3757.0,2025-09-23T01:15:00+00:00,3756.85,TP2,51.05999999999949
D,VP_ASIA_VA_REENTRY_TRAP_BUY,BUY,0.04,2025-09-24T00:15:00+00:00,3763.839,3764.3451046334985,3775.0,2025-09-24T00:45:00+00:00,3764.1951046334984,SL,-1.2657907330030866
D,VP_ASIA_VA_REENTRY_TRAP_BUY,BUY,0.04,2025-09-25T02:15:00+00:00,3735.741,3736.2851344173705,3753.0,2025-09-25T03:00:00+00:00,3736.1351344173704,SL,5.006268834740695
D,VP_ASIA_VA_REENTRY_TRAP_SELL,SELL,0.04,2025-09-25T23:00:00+00:00,3745.4359999999997,3744.901013526518,3740.0,2025-09-25T23:30:00+00:00,3740.15,TP2,11.143999999998414
D,VP_ASIA_VA_REENTRY_TRAP_BUY,BUY,0.04,2025-09-29T00:45:00+00:00,3787.253,3781.844234765755,3819.0,2025-09-29T01:00:00+00:00,3781.694234765755,SL,-22.235060936980517
D,VP_ASIA_VA_REENTRY_TRAP_SELL,SELL,0.04,2025-09-30T06:30:00+00:00,3869.793,3869.1724165007054,3819.0,2025-09-30T08:30:00+00:00,3819.15,TP2,146.57200000000012
D,VP_ASIA_VA_REENTRY_ABSORB_SELL,SELL,0.04,2025-10-01T02:00:00+00:00,3867.462,3866.9829472100178,3857.0,2025-10-01T03:30:00+00:00,3857.15,TP2,29.247999999999593
D,VP_ASIA_VA_REENTRY_TRAP_BUY,BUY,0.04,2025-10-01T23:00:00+00:00,3862.529,3863.0151293924746,3874.0,2025-10-01T23:30:00+00:00,3862.8651293924745,SL,3.3142587849488336
D,VP_ASIA_VA_REENTRY_ABSORB_BUY,BUY,0.04,2025-10-03T01:30:00+00:00,3856.261,3856.7759530597327,3864.0,2025-10-03T02:00:00+00:00,3856.6259530597326,SL,3.907906119465224
D,VP_ASIA_VA_REENTRY_TRAP_BUY,BUY,0.04,2025-10-06T02:00:00+00:00,3923.962,3924.5648319756842,3949.0,2025-10-06T06:00:00+00:00,3924.414831975684,SL,20.681663951368137
D,VP_ASIA_VA_REENTRY_TRAP_SELL,SELL,0.04,2025-10-07T00:30:00+00:00,3965.8849999999998,3965.2122838674177,3949.0,2025-10-07T02:15:00+00:00,3965.362283867418,SL,8.515432265163327
D,VP_ASIA_VA_REENTRY_TRAP_BUY,BUY,0.04,2025-10-08T02:30:00+00:00,4006.6440000000002,4007.190860501765,4049.0,2025-10-08T09:45:00+00:00,4048.85,TP2,142.8239999999987
D,VP_ASIA_VA_REENTRY_TRAP_BUY,BUY,0.04,2025-10-08T23:00:00+00:00,4020.706,4012.156137039258,4039.0,2025-10-08T23:30:00+00:00,4012.0061370392577,SL,-34.799451842969574
D,VP_ASIA_VA_REENTRY_ABSORB_SELL,SELL,0.04,2025-10-10T01:00:00+00:00,3984.66,3983.776237363218,3954.0,2025-10-10T02:15:00+00:00,3983.926237363218,SL,28.487525273562824
D,VP_ASIA_VA_REENTRY_ABSORB_BUY,BUY,0.04,2025-10-12T23:00:00+00:00,4048.457,4036.046378966539,4079.0,2025-10-12T23:45:00+00:00,4035.896378966539,SL,-50.24248413384339
D,VP_ASIA_VA_REENTRY_ABSORB_SELL,SELL,0.04,2025-10-14T05:30:00+00:00,4119.783,4131.516969326828,4111.0,2025-10-14T05:45:00+00:00,4131.666969326828,SL,-47.53587730730942
D,VP_ASIA_VA_REENTRY_TRAP_BUY,BUY,0.04,2025-10-14T23:15:00+00:00,4163.99,4155.6764365206545,4193.0,2025-10-15T00:15:00+00:00,4155.526436520655,SL,-33.85425391737954
D,VP_ASIA_VA_REENTRY_TRAP_BUY,BUY,0.04,2025-10-16T00:15:00+00:00,4223.308,4215.616988005962,4238.0,2025-10-16T00:45:00+00:00,4215.466988005963,SL,-31.364047976148868
D,VP_ASIA_VA_REENTRY_TRAP_SELL,SELL,0.04,2025-10-16T23:30:00+00:00,4368.337,4366.8217233003525,4335.0,2025-10-17T00:30:00+00:00,4366.971723300352,SL,23.10455339929831
D,VP_ASIA_VA_REENTRY_TRAP_BUY,BUY,0.04,2025-10-19T23:15:00+00:00,4247.808999999999,4233.01011329356,4264.0,2025-10-20T00:00:00+00:00,4232.86011329356,SL,-59.7955468257569
D,VP_ASIA_VA_REENTRY_TRAP_SELL,SELL,0.04,2025-10-21T01:15:00+00:00,4350.009,4348.96294554277,4265.0,2025-10-21T01:45:00+00:00,4349.11294554277,SL,13.510108914460943
D,VP_ASIA_VA_REENTRY_TRAP_SELL,SELL,0.04,2025-10-21T23:00:00+00:00,4116.2300000000005,4114.236312271188,4036.0,2025-10-22T00:15:00+00:00,4036.15,TP2,246.32000000000153
D,VP_ASIA_VA_REENTRY_TRAP_BUY,BUY,0.04,2025-10-23T00:30:00+00:00,4081.598,4082.980726009884,4114.0,2025-10-23T01:30:00+00:00,4082.830726009884,SL,16.96945201976814
D,VP_ASIA_VA_REENTRY_ABSORB_BUY,BUY,0.04,2025-10-24T06:15:00+00:00,4089.917,4080.0761925268203,4142.0,2025-10-24T07:45:00+00:00,4079.92619252682,SL,-39.96322989271903
D,VP_ASIA_VA_REENTRY_TRAP_SELL,SELL,0.04,2025-10-26T23:00:00+00:00,4082.504,4081.2659043864533,4057.0,2025-10-27T00:45:00+00:00,4081.4159043864533,SL,8.884191227092742
D,VP_ASIA_VA_REENTRY_TRAP_SELL,SELL,0.04,2025-10-27T23:00:00+00:00,3982.802,3992.45600182896,3886.0,2025-10-27T23:15:00+00:00,3992.60600182896,SL,-39.216007315839306
D,VP_ASIA_VA_REENTRY_TRAP_BUY,BUY,0.04,2025-10-28T23:00:00+00:00,3947.628,3948.8017275014554,3989.0,2025-10-29T02:30:00+00:00,3948.6517275014553,SL,26.491455002909788
D,VP_ASIA_VA_REENTRY_TRAP_BUY,BUY,0.04,2025-10-30T00:45:00+00:00,3950.376,3951.8250903885037,3975.0,2025-10-30T01:15:00+00:00,3951.6750903885036,SL,29.546180777006157
D,VP_ASIA_VA_REENTRY_TRAP_SELL,SELL,0.04,2025-10-31T00:45:00+00:00,4025.226,4034.625855263517,4000.0,2025-10-31T01:00:00+00:00,4034.7758552635173,SL,-38.19942105406881
D,VP_ASIA_VA_REENTRY_TRAP_BUY,BUY,0.04,2025-11-02T23:00:00+00:00,3996.1890000000003,3987.49596476789,4026.0,2025-11-02T23:30:00+00:00,3987.34596476789,SL,-35.372140928440786
D,VP_ASIA_VA_REENTRY_TRAP_SELL,SELL,0.04,2025-11-03T23:00:00+00:00,3988.181,3995.9937561494385,3977.0,2025-11-03T23:15:00+00:00,3996.1437561494386,SL,-31.851024597754076
D,VP_ASIA_VA_REENTRY_ABSORB_BUY,BUY,0.04,2025-11-05T01:00:00+00:00,3943.205,3935.1860397483247,3984.0,2025-11-05T01:45:00+00:00,3935.0360397483246,SL,-32.675841006701376
D,VP_ASIA_VA_REENTRY_TRAP_BUY,BUY,0.04,2025-11-06T23:30:00+00:00,3986.155,3986.7589685892553,4005.0,2025-11-07T04:00:00+00:00,3986.6089685892553,SL,20.297937178509528
D,VP_ASIA_VA_REENTRY_ABSORB_BUY,BUY,0.04,2025-11-10T01:15:00+00:00,4048.11,4039.9360635539024,4085.0,2025-11-10T02:00:00+00:00,4039.7860635539023,SL,-33.29574578439133
D,VP_ASIA_VA_REENTRY_TRAP_BUY,BUY,0.04,2025-11-11T00:30:00+00:00,4129.496999999999,4130.0103443008875,4141.0,2025-11-11T01:00:00+00:00,4129.860344300888,SL,3.432688601778864
D,VP_ASIA_VA_REENTRY_ABSORB_SELL,SELL,0.04,2025-11-12T00:45:00+00:00,4132.867,4132.26765565302,4113.0,2025-11-12T01:15:00+00:00,4132.417655653019,SL,6.332688693963064
D,VP_ASIA_VA_REENTRY_TRAP_BUY,BUY,0.04,2025-11-13T00:15:00+00:00,4193.031,4185.386657657546,4218.0,2025-11-13T01:15:00+00:00,4185.236657657546,SL,-31.177369369816006
D,VP_ASIA_VA_REENTRY_TRAP_SELL,SELL,0.04,2025-11-14T05:00:00+00:00,4189.4580000000005,4188.593817018969,4168.0,2025-11-14T07:15:00+00:00,4168.15,TP2,61.23200000000361
D,VP_ASIA_VA_REENTRY_TRAP_SELL,SELL,0.04,2025-11-17T00:00:00+00:00,4084.825,4083.654237862124,4074.0,2025-11-17T00:30:00+00:00,4083.804237862124,SL,-2.6084757242488195
D,VP_ASIA_VA_REENTRY_TRAP_SELL,SELL,0.04,2025-11-17T23:30:00+00:00,4037.115,4036.1052961214095,4013.0,2025-11-18T00:00:00+00:00,4036.2552961214096,SL,-6.350592242820312
D,VP_ASIA_VA_REENTRY_TRAP_SELL,SELL,0.04,2025-11-19T07:00:00+00:00,4087.109,4094.3551547207726,4057.0,2025-11-19T07:30:00+00:00,4094.5051547207727,SL,-29.584618883091025
D,VP_ASIA_VA_REENTRY_ABSORB_SELL,SELL,0.04,2025-11-20T02:00:00+00:00,4063.153,4062.033254917851,4050.0,2025-11-20T02:45:00+00:00,4062.183254917851,SL,-6.054509835703357
D,VP_ASIA_VA_REENTRY_TRAP_SELL,SELL,0.04,2025-11-21T01:15:00+00:00,4061.634,4071.0606093420975,4030.0,2025-11-21T01:45:00+00:00,4071.2106093420975,SL,-38.30643736839011
D,VP_ASIA_VA_REENTRY_TRAP_SELL,SELL,0.04,2025-11-24T00:00:00+00:00,4062.073,4071.9386628158277,4042.0,2025-11-24T01:00:00+00:00,4072.088662815828,SL,-40.062651263311636
D,VP_ASIA_VA_REENTRY_ABSORB_BUY,BUY,0.04,2025-11-24T23:15:00+00:00,4131.218,4131.9289386115615,4148.0,2025-11-25T00:30:00+00:00,4131.778938611562,SL,6.385877223125135
D,VP_ASIA_VA_REENTRY_TRAP_BUY,BUY,0.04,2025-11-26T02:15:00+00:00,4162.623,4163.336078283515,4167.0,2025-11-26T02:45:00+00:00,4163.186078283516,SL,3.580156567033555
D,VP_ASIA_VA_REENTRY_ABSORB_SELL,SELL,0.04,2025-11-27T01:00:00+00:00,4157.5160000000005,4157.000220429849,4147.0,2025-11-27T02:45:00+00:00,4147.15,TP2,29.46400000000358
D,VP_ASIA_VA_REENTRY_TRAP_BUY,BUY,0.04,2025-11-27T23:00:00+00:00,4162.799999999999,4163.128603608236,4185.0,2025-11-27T23:30:00+00:00,4162.978603608236,SL,-3.542792783524419
D,VP_ASIA_VA_REENTRY_TRAP_BUY,BUY,0.04,2025-12-01T00:15:00+00:00,4227.282999999999,4219.845547122122,4251.0,2025-12-01T01:00:00+00:00,4219.695547122123,SL,-30.34981151150714
D,VP_ASIA_VA_REENTRY_TRAP_SELL,SELL,0.04,2025-12-02T00:15:00+00:00,4224.96,4224.103248438449,4207.0,2025-12-02T01:15:00+00:00,4207.15,TP2,51.2400000000016
D,VP_ASIA_VA_REENTRY_TRAP_SELL,SELL,0.04,2025-12-03T01:15:00+00:00,4216.7660000000005,4223.5533271274735,4200.0,2025-12-03T02:00:00+00:00,4223.703327127473,SL,-27.749308509890398
D,VP_ASIA_VA_REENTRY_TRAP_SELL,SELL,0.04,2025-12-04T02:30:00+00:00,4201.395,4200.730805444615,4182.0,2025-12-04T05:30:00+00:00,4182.15,TP2,54.9800000000032
D,VP_ASIA_VA_REENTRY_TRAP_BUY,BUY,0.04,2025-12-04T23:45:00+00:00,4206.228999999999,4201.83827443894,4230.0,2025-12-05T00:45:00+00:00,4201.68827443894,SL,-18.162902244235738
D,VP_ASIA_VA_REENTRY_TRAP_BUY,BUY,0.04,2025-12-08T00:00:00+00:00,4206.196,4206.940254679198,4213.0,2025-12-08T01:00:00+00:00,4206.790254679198,SL,4.496509358397816
D,VP_ASIA_VA_REENTRY_TRAP_SELL,SELL,0.04,2025-12-09T01:15:00+00:00,4194.09,4193.666226074855,4179.0,2025-12-09T02:00:00+00:00,4193.816226074855,SL,0.42754785029137565
D,VP_ASIA_VA_REENTRY_ABSORB_SELL,SELL,0.04,2025-12-10T01:30:00+00:00,4212.352000000001,4217.082241081128,4202.0,2025-12-10T02:00:00+00:00,4217.2322410811275,SL,-19.520964324507077
D,VP_ASIA_VA_REENTRY_TRAP_SELL,SELL,0.04,2025-12-10T23:00:00+00:00,4225.14,4234.961520681941,4208.0,2025-12-11T00:00:00+00:00,4235.11152068194,SL,-39.88608272776037
D,VP_ASIA_VA_REENTRY_TRAP_SELL,SELL,0.04,2025-12-12T07:15:00+00:00,4285.731000000001,4290.569234663981,4265.0,2025-12-12T08:00:00+00:00,4290.71923466398,SL,-19.952938655918842
D,VP_ASIA_VA_REENTRY_TRAP_BUY,BUY,0.04,2025-12-15T01:45:00+00:00,4322.633,4323.218373587431,4349.0,2025-12-15T08:45:00+00:00,4348.85,TP2,92.86800000000221
D,VP_ASIA_VA_REENTRY_ABSORB_SELL,SELL,0.04,2025-12-16T02:45:00+00:00,4289.772,4288.96608789609,4272.0,2025-12-16T03:30:00+00:00,4289.11608789609,SL,8.555824207820478
D,VP_ASIA_VA_REENTRY_TRAP_BUY,BUY,0.04,2025-12-17T00:00:00+00:00,4312.786,4313.322488026083,4326.0,2025-12-17T01:15:00+00:00,4313.172488026084,SL,14.900976052167607
D,VP_ASIA_VA_REENTRY_TRAP_SELL,SELL,0.04,2025-12-17T23:00:00+00:00,4335.946,4342.408873658307,4327.0,2025-12-17T23:45:00+00:00,4342.558873658307,SL,-26.451494633227412
D,VP_ASIA_VA_REENTRY_TRAP_SELL,SELL,0.04,2025-12-19T00:30:00+00:00,4328.286,4327.653327085725,4318.0,2025-12-19T01:15:00+00:00,4327.803327085725,SL,5.237345828551042
D,VP_ASIA_VA_REENTRY_ABSORB_BUY,BUY,0.04,2025-12-22T01:30:00+00:00,4381.936,4382.616354149074,4416.0,2025-12-22T07:00:00+00:00,4415.85,TP2,129.65600000000268
D,VP_ASIA_VA_REENTRY_ABSORB_BUY,BUY,0.04,2025-12-23T01:00:00+00:00,4485.57,4478.981555386055,4490.0,2025-12-23T01:15:00+00:00,4478.831555386056,SL,-26.953778455776046
D,VP_ASIA_VA_REENTRY_TRAP_SELL,SELL,0.04,2025-12-24T00:00:00+00:00,4507.728,4516.148523165753,4474.0,2025-12-24T00:30:00+00:00,4516.298523165753,SL,-34.28209266301201
D,VP_ASIA_VA_REENTRY_TRAP_BUY,BUY,0.04,2025-12-26T00:00:00+00:00,4503.486,4504.372618336796,4517.0,2025-12-26T01:00:00+00:00,4516.85,TP2,39.45600000000195
D,VP_ASIA_VA_REENTRY_TRAP_SELL,SELL,0.04,2025-12-28T23:45:00+00:00,4527.034000000001,4525.835368754956,4475.0,2025-12-29T00:30:00+00:00,4475.15,TP2,163.5360000000037
D,VP_ASIA_VA_REENTRY_ABSORB_BUY,BUY,0.04,2025-12-30T01:45:00+00:00,4360.317999999999,4361.370616018087,4379.0,2025-12-30T03:00:00+00:00,4361.220616018088,SL,6.869232036178801
D,VP_ASIA_VA_REENTRY_TRAP_SELL,SELL,0.04,2025-12-31T02:00:00+00:00,4362.268,4361.117124719173,4320.0,2025-12-31T05:45:00+00:00,4320.15,TP2,156.47200000000157
